query,keyword,volume,cpc,value
iphone,16gb vs 64gb iphone 6,170,21.28,3617.6
iphone,2-step verification iphone,480,7.43,3566.4
iphone,2015 iphone release,320,5.57,1782.4
iphone,128gb iphone 6,1600,1.0,1600.0
iphone,2015 iphone,1000,1.4,1400.0
iphone,1mobile market for iphone,210,6.13,1287.3
iphone,24k gold iphone 6,2900,0.41,1189.0
iphone,16gb iphone 6,1000,1.1,1100.0
iphone,128gb iphone,320,2.63,841.6
iphone,12gb iphone 5s,90,7.24,651.6
iphone,0$ down iphone 6,260,2.5,650.0
iphone,0 down iphone 6,260,2.5,650.0
iphone,1st gen iphone,480,1.25,600.0
iphone,15 iphone tricks,50,11.9,595.0
iphone,24 carat gold iphone 6,390,1.23,479.7
iphone,128gb iphone 6 plus,480,0.94,451.2
iphone,16gb iphone 5c,390,1.06,413.4
iphone,10ft iphone 5 charger,880,0.46,404.8
iphone,10ft iphone 6 charger,720,0.56,403.2
iphone,16gb iphone,260,1.5,390.0
iphone,1mobile market iphone,90,4.09,368.1
iphone,16 gig iphone 6,170,2.02,343.4
iphone,2 step verification gmail iphone,140,2.4,336.0
iphone,16 gb iphone,140,2.27,317.8
iphone,18 iphone apps,10,27.84,278.4
iphone,16gb iphone 5s,260,1.07,278.2
iphone,12 gb iphone 6,110,2.38,261.8
iphone,128 iphone 6,90,2.83,254.7
iphone,2nd phone number for iphone,10,25.3,253.0
iphone,10 foot iphone 5 charger,590,0.4,236.0
iphone,24k iphone 6,590,0.4,236.0
iphone,10 foot iphone 6 charger,590,0.39,230.1
iphone,16g iphone 6,170,1.33,226.1
iphone,1password iphone,170,1.23,209.1
iphone,000 00 iphone,30,6.76,202.8
iphone,164 gb iphone 6,40,4.44,177.6
iphone,10ft iphone charger,390,0.45,175.5
iphone,2 step verification iphone,210,0.76,159.6
iphone,16gb iphone 5,170,0.92,156.4
iphone,$100 iphone 6,140,1.09,152.6
iphone,10 best iphone apps,70,2.14,149.8
iphone,100 iphone,50,2.62,131.0
iphone,100 iphone 5s,70,1.86,130.2
iphone,16gb vs 32gb iphone,40,3.22,128.8
iphone,1st iphone,1600,0.08,128.0
iphone,10 foot iphone charger,260,0.49,127.4
iphone,10 phones better than iphone,10,12.66,126.6
iphone,128gb iphone 5s,90,1.39,125.1
iphone,16gb iphone 5 price,20,5.98,119.6
iphone,16 or 32 gb iphone,10,11.15,111.5
iphone,0 divided by 0 iphone,20,5.45,109.0
iphone,200 gb iphone,10,10.77,107.7
iphone,1 iphone,210,0.51,107.1
iphone,24k gold iphone,320,0.33,105.6
iphone,24 karat gold iphone 6,480,0.22,105.6
iphone,100 best apps for iphone,20,5.21,104.2
iphone,128g iphone 6,140,0.74,103.6
iphone,16 iphone 6,20,5.16,103.2
iphone,16gb iphone 5s price,20,5.09,101.8
iphone,1 iphone 6,90,1.12,100.8
iphone,24-karat gold iphone 6,480,0.21,100.8
iphone,1password for iphone,90,1.09,98.1
iphone,0$ down iphone,70,1.29,90.3
iphone,1 rated gps tracker iphone,10,8.75,87.5
iphone,24 hour iphone repair,50,1.67,83.5
iphone,16gb iphone 4s,90,0.91,81.9
iphone,3 card poker app iphone,10,8.16,81.6
iphone,$200 iphone 6,110,0.7,77.0
iphone,$200 iphone 5s,30,2.31,69.3
iphone,2 phone lines on iphone,20,3.44,68.8
iphone,16g iphone,30,2.29,68.7
iphone,0682 iphone,20,3.37,67.4
iphone,128gb iphone 5,30,2.2,66.0
iphone,16g iphone 5c,40,1.65,66.0
iphone,2d barcode scanner iphone,30,2.19,65.7
iphone,16 gb iphone 5,70,0.91,63.7
iphone,16 gig iphone,30,2.06,61.8
iphone,1st generation iphone,590,0.1,59.0
iphone,20 iphone,30,1.88,56.4
iphone,16gb iphone vs 32gb,10,5.56,55.6
iphone,10 best free apps for iphone,10,5.33,53.3
iphone,16gb iphone 5c price,10,5.3,53.0
iphone,16gb iphone 4,50,1.02,51.0
iphone,10 ft long iphone charger,110,0.46,50.6
iphone,16gb iphone 5s unlocked,20,2.49,49.8
iphone,$100 iphone 5c,30,1.65,49.5
iphone,16g iphone 6 plus,30,1.64,49.2
iphone,16gb iphone 5s verizon,20,2.45,49.0
iphone,0 down iphone 5s,40,1.18,47.2
iphone,2007 iphone,390,0.12,46.8
iphone,24 karat gold iphone,90,0.51,45.9
iphone,24kt gold iphone 6,170,0.26,44.2
iphone,16 gig iphone 6 plus,40,1.09,43.6
iphone,128gb iphone 6 verizon,40,1.06,42.4
iphone,24 carat iphone 6,90,0.47,42.3
iphone,0 iphone 6,10,4.05,40.5
iphone,2 gig iphone app,10,4.05,40.5
iphone,128g iphone,20,2.02,40.4
iphone,16g iphone 6 price,10,4.01,40.1
iphone,12 south iphone 6,30,1.28,38.4
iphone,2 year contract iphone 5c,10,3.82,38.2
iphone,16 gig iphone 5,40,0.95,38.0
iphone,128gb iphone 6 price,110,0.33,36.3
iphone,2 phone numbers on 1 iphone,20,1.75,35.0
iphone,1d barcode scanner iphone,10,3.46,34.6
iphone,100 free iphone 6,10,3.4,34.0
iphone,10 ft iphone 5 charger,70,0.48,33.6
iphone,0 dollars down iphone,40,0.83,33.2
iphone,128gb iphone 6 plus verizon,50,0.66,33.0
iphone,10 ft iphone 4 charger,40,0.81,32.4
iphone,128 iphone,20,1.6,32.0
iphone,10 ft iphone 4s charger,10,3.14,31.4
iphone,2nd hand iphone 5s price,10,3.13,31.3
iphone,10ft iphone cord,40,0.78,31.2
iphone,100 gb iphone,20,1.55,31.0
iphone,16gb silver iphone 5s,10,3.08,30.8
iphone,2nd hand iphone,20,1.53,30.6
iphone,0 down iphone 5c,10,3.03,30.3
iphone,2680mah iphone 4s battery,10,2.99,29.9
iphone,1 iphone 5s,20,1.47,29.4
iphone,2015 iphone update,10,2.92,29.2
iphone,2 way radio app for iphone,10,2.9,29.0
iphone,12 foot iphone cable,10,2.8,28.0
iphone,10 foot iphone 4 charger,90,0.31,27.9
iphone,2 numbers on one iphone,20,1.38,27.6
iphone,10ft charger for iphone 5,50,0.53,26.5
iphone,200 iphone,20,1.31,26.2
iphone,200 $ iphone,20,1.31,26.2
iphone,2nd line app iphone,10,2.6,26.0
iphone,10 foot long iphone 6 charger,70,0.37,25.9
iphone,2nd line iphone app,10,2.57,25.7
iphone,10 foot iphone 5s charger,50,0.5,25.0
iphone,29 card game for iphone,10,2.48,24.8
iphone,128gb iphone 6 unlocked,40,0.61,24.4
iphone,10 ft long iphone 5 charger,50,0.47,23.5
iphone,16 gb iphone 4,20,1.17,23.4
iphone,128gb iphone 6 ebay,20,1.11,22.2
iphone,10ft iphone charger cable,20,1.1,22.0
iphone,24 carat gold iphone,50,0.44,22.0
iphone,0$ iphone 6,10,2.17,21.7
iphone,2nd iphone 5s,10,2.12,21.2
iphone,10 iphone games,10,2.12,21.2
iphone,16 g iphone,10,2.1,21.0
iphone,10 ft iphone cable,30,0.69,20.7
iphone,199 iphone 6,20,1.03,20.6
iphone,10 foot iphone cable,40,0.51,20.4
iphone,16gb 5c iphone,10,2.02,20.2
iphone,0 down payment iphone 6,10,1.98,19.8
iphone,10 ft iphone cord,30,0.64,19.2
iphone,10w power adapter iphone,10,1.87,18.7
iphone,2pac iphone 5s case,30,0.62,18.6
iphone,2nd phone line on iphone,10,1.81,18.1
iphone,2nd iphone 6,10,1.8,18.0
iphone,24 karat gold iphone case,30,0.6,18.0
iphone,10 foot long iphone 5 charger,50,0.36,18.0
iphone,2.1 amp charger iphone,20,0.89,17.8
iphone,21 iphone case,30,0.59,17.7
iphone,0.iphone,20,0.88,17.6
iphone,0 iphone,20,0.88,17.6
iphone,$125 iphone 5s,10,1.75,17.5
iphone,128gb iphone 6 plus price,70,0.25,17.5
iphone,199$iphone,10,1.73,17.3
iphone,02 iphone deals,10,1.71,17.1
iphone,10 foot long iphone charger,30,0.56,16.8
iphone,10 foot iphone cord,30,0.56,16.8
iphone,10ft iphone 4s charger,20,0.83,16.6
iphone,128gb iphone 6 tmobile,20,0.82,16.4
iphone,2015 iphone 6 cases,40,0.41,16.4
iphone,2 piece iphone 5c case,20,0.8,16.0
iphone,$100 iphone 5s no contract,40,0.4,16.0
iphone,16g iphone 5,50,0.32,16.0
iphone,128gb iphone 6 at&t,30,0.53,15.9
iphone,12 foot iphone 5 charger,30,0.53,15.9
iphone,100 waterproof iphone 6 case,20,0.79,15.8
iphone,128gb iphone plus,20,0.77,15.4
iphone,$100 iphone 6 plus,20,0.75,15.0
iphone,20 iphone 6,10,1.49,14.9
iphone,128 iphone 6 plus,20,0.74,14.8
iphone,16gb iphone 4s price,10,1.47,14.7
iphone,2nd hand iphone 5s,10,1.45,14.5
iphone,1byone iphone 6 case,10,1.37,13.7
iphone,2 piece iphone 5 case,40,0.34,13.6
iphone,12 iphone case,10,1.35,13.5
iphone,0tter box iphone case,10,1.33,13.3
iphone,$300 iphone 5s,10,1.33,13.3
iphone,199 iphone 5,10,1.32,13.2
iphone,100 free dating apps for iphone,10,1.31,13.1
iphone,2 amp iphone charger,20,0.65,13.0
iphone,10ft iphone cable,30,0.43,12.9
iphone,16gb apple iphone,10,1.27,12.7
iphone,16gb iphone 4s verizon,10,1.26,12.6
iphone,16gb iphone 4s at&t,10,1.25,12.5
iphone,2 iphone 4s,10,1.24,12.4
iphone,2d reader iphone,10,1.23,12.3
iphone,10w iphone charger,10,1.22,12.2
iphone,10 ft iphone charger cable,10,1.21,12.1
iphone,$100 iphone 5s unlocked,30,0.4,12.0
iphone,1 iphone 5c,10,1.19,11.9
iphone,$25 iphone,10,1.19,11.9
iphone,100 apps for iphone,10,1.18,11.8
iphone,$20 iphone 4,10,1.17,11.7
iphone,2d scanner for iphone,10,1.15,11.5
iphone,2 piece iphone case,20,0.57,11.4
iphone,10 ft usb cable for iphone 5,10,1.1,11.0
iphone,$300 iphone,10,1.1,11.0
iphone,12 south iphone stand,20,0.55,11.0
iphone,10 inch iphone charger,20,0.55,11.0
iphone,16gb iphone 4s unlocked,10,1.09,10.9
iphone,10 iphone,30,0.36,10.8
iphone,2 iphone 5,10,1.06,10.6
iphone,12 south iphone case,40,0.26,10.4
iphone,12v car charger for iphone,10,1.02,10.2
iphone,21 tech iphone 6 plus,10,1.01,10.1
iphone,10 ft usb cable for iphone,10,1.0,10.0
iphone,12v charger iphone,10,1.0,10.0
iphone,24k gold iphone 5s,90,0.11,9.9
iphone,1.33x anamorphic adapter lens for iphone,10,0.96,9.6
iphone,2012 iphone 5,10,0.95,9.5
iphone,199 iphone,10,0.95,9.5
iphone,10ft iphone charger walmart,20,0.47,9.4
iphone,10 foot long iphone cord,10,0.9,9.0
iphone,10 foot iphone 5 charger walmart,40,0.22,8.8
iphone,10 foot iphone 4 cord,10,0.86,8.6
iphone,10 feet long iphone 5 charger,20,0.42,8.4
iphone,15 ft iphone 5 charger,40,0.21,8.4
iphone,2nd generation iphone,70,0.12,8.4
iphone,1 dollar iphone 5 cases,20,0.41,8.2
iphone,10w usb power adapter iphone,10,0.79,7.9
iphone,10 foot usb cable for iphone 4s,10,0.78,7.8
iphone,16gb iphone 5c unlocked,10,0.77,7.7
iphone,12 volt charger for iphone 5,10,0.77,7.7
iphone,2g iphone,110,0.07,7.7
iphone,12v charger for iphone 5,10,0.76,7.6
iphone,12 volt speakers for iphone,10,0.76,7.6
iphone,10ft lightning cable for iphone 5,10,0.74,7.4
iphone,12 volt car charger for iphone,10,0.73,7.3
iphone,20 iphone 5 cases,10,0.69,6.9
iphone,16 gig iphone 4,10,0.69,6.9
iphone,12 south bookbook iphone 6,40,0.17,6.8
iphone,220v adapter for iphone,10,0.66,6.6
iphone,0 iphone 5,10,0.66,6.6
iphone,$150 iphone 5,20,0.33,6.6
iphone,$5 iphone 5 cases,10,0.65,6.5
iphone,10 ft long iphone 4 charger,10,0.64,6.4
iphone,10 foot usb cable for iphone and ipad,10,0.64,6.4
iphone,15 foot long iphone charger,10,0.63,6.3
iphone,2nd hand iphone 4s price,10,0.63,6.3
iphone,24 carat iphone case,10,0.62,6.2
iphone,10 foot iphone 4s charger,10,0.6,6.0
iphone,16gb gold iphone 6,20,0.3,6.0
iphone,2015 iphone cases,20,0.3,6.0
iphone,2-in-1 car charger and aux audio cable for iphone,10,0.59,5.9
iphone,$300 iphone 6 plus,10,0.59,5.9
iphone,10 foot iphone 5 charger groupon,10,0.57,5.7
iphone,1 iphone 4,10,0.57,5.7
iphone,10 foot iphone 5 charger cable,10,0.56,5.6
iphone,$50 iphone 4,10,0.56,5.6
iphone,10 foot iphone charger best buy,20,0.28,5.6
iphone,10ft iphone 5 charger cord,10,0.55,5.5
iphone,10 ft cable for iphone 5,10,0.54,5.4
iphone,10 foot iphone charger walmart,30,0.18,5.4
iphone,24 hour iphone support,30,0.18,5.4
iphone,10 deep iphone 6 case,10,0.53,5.3
iphone,1080p iphone projector,10,0.52,5.2
iphone,2 amp charger iphone,20,0.26,5.2
iphone,10 ft long iphone cable,10,0.5,5.0
iphone,12 south bookbook iphone 6 plus,20,0.25,5.0
iphone,220 volt adapter for iphone,10,0.49,4.9
iphone,12 volt charger for iphone 6,10,0.48,4.8
iphone,12 iphone,10,0.48,4.8
iphone,$1 iphone 5 cases,20,0.24,4.8
iphone,10 foot cord for iphone 5,10,0.47,4.7
iphone,2200mah iphone 5 battery case,10,0.46,4.6
iphone,12w charger iphone,10,0.46,4.6
iphone,100 free iphone,10,0.46,4.6
iphone,10 foot iphone charger cable,10,0.46,4.6
iphone,2 iphone 5s,10,0.45,4.5
iphone,1c iphone,10,0.45,4.5
iphone,10 foot iphone 5 chargers,10,0.45,4.5
iphone,15 foot iphone 4 charger,10,0.44,4.4
iphone,10 foot iphone chargers,10,0.43,4.3
iphone,10 foot iphone 5 cable,10,0.42,4.2
iphone,0$ down iphone 5,10,0.42,4.2
iphone,007 iphone 6 case,20,0.21,4.2
iphone,10 ft iphone 4 cable,10,0.4,4.0
iphone,2 sim card iphone,10,0.39,3.9
iphone,10ft iphone charger cord,10,0.39,3.9
iphone,24k gold iphone 5s price,10,0.38,3.8
iphone,10 inch iphone 5 charger,10,0.38,3.8
iphone,10 foot iphone charger cord,10,0.38,3.8
iphone,1000 iphone cases,10,0.36,3.6
iphone,2015 iphone 6 plus case,20,0.18,3.6
iphone,2nd hand iphone 5c,10,0.35,3.5
iphone,12w usb power adapter iphone 6,10,0.34,3.4
iphone,2008 bmw iphone 5 adapter,10,0.34,3.4
iphone,16gb gold iphone 5s,10,0.34,3.4
iphone,$80 iphone case,10,0.34,3.4
iphone,2 meter iphone 4 charger,10,0.33,3.3
iphone,10 ft iphone 5s charger,10,0.33,3.3
iphone,16 32 or 64gb iphone,10,0.32,3.2
iphone,12 south book book iphone 5,10,0.32,3.2
iphone,16gb unlocked iphone 4,10,0.32,3.2
iphone,$37 iphone 6s clone,10,0.31,3.1
iphone,24ct gold iphone case,10,0.3,3.0
iphone,12 south iphone 6 case,20,0.15,3.0
iphone,$5 iphone cases,10,0.28,2.8
iphone,1600mah iphone battery,10,0.28,2.8
iphone,100 carbon fiber iphone 6 case,10,0.28,2.8
iphone,128gb iphone 6 plus unlocked,20,0.14,2.8
iphone,128 gigabyte iphone 6,10,0.27,2.7
iphone,10 foot iphone charger pink,10,0.27,2.7
iphone,2010 nissan murano iphone 5 adapter,10,0.27,2.7
iphone,1st generation iphone for sale,30,0.09,2.7
iphone,2 layer iphone 5 case,10,0.26,2.6
iphone,101 dalmatians iphone 5 case,10,0.26,2.6
iphone,2007 bmw iphone integration,10,0.25,2.5
iphone,2 piece iphone 4 case,10,0.25,2.5
iphone,16gb iphone 5s at&t,10,0.25,2.5
iphone,1 iphone 5,10,0.24,2.4
iphone,12 ft iphone cable,10,0.24,2.4
iphone,24k gold iphone 5 case,10,0.23,2.3
iphone,1st iphone for sale,10,0.22,2.2
iphone,10 foot long iphone 4 charger,10,0.22,2.2
iphone,10 foot iphone charger amazon,10,0.22,2.2
iphone,10 ft cable for iphone 4s,10,0.21,2.1
iphone,180 degree fisheye lens iphone,10,0.2,2.0
iphone,16gb 4s iphone,10,0.19,1.9
iphone,16gb iphone 4 unlocked,10,0.18,1.8
iphone,007 ringtone iphone,20,0.09,1.8
iphone,1mobile market download for iphone,30,0.06,1.8
iphone,24kt gold iphone,30,0.06,1.8
iphone,3 bff iphone cases,10,0.17,1.7
iphone,24k iphone 5,10,0.17,1.7
iphone,2200mah external battery power bank case for iphone 5,10,0.17,1.7
iphone,$100 iphone 4,10,0.17,1.7
iphone,10 gb iphone,10,0.16,1.6
iphone,$100 iphone 4s,10,0.16,1.6
iphone,1d cases for iphone 5,10,0.16,1.6
iphone,2g iphone for sale,10,0.16,1.6
iphone,2d barcode scanner app iphone,10,0.16,1.6
iphone,24ct gold iphone 5s,10,0.16,1.6
iphone,2012 nissan sentra iphone 5 cable,10,0.16,1.6
iphone,2g apple iphone,10,0.15,1.5
iphone,24k gold iphone 5,30,0.05,1.5
iphone,1st generation iphone cases,10,0.14,1.4
iphone,16gb apple iphone 6,10,0.14,1.4
iphone,$400 iphone,10,0.14,1.4
iphone,16 ft iphone charger,10,0.13,1.3
iphone,12 south surfacepad iphone 6 plus,10,0.13,1.3
iphone,12 south iphone 6 plus case,10,0.13,1.3
iphone,24k gold iphone 4 case,10,0.13,1.3
iphone,24c gold iphone,10,0.13,1.3
iphone,$50 iphone 4s,10,0.13,1.3
iphone,180 fisheye lens iphone,10,0.13,1.3
iphone,24ct gold iphone 4,10,0.12,1.2
iphone,24 carat gold iphone 5s,10,0.12,1.2
iphone,1 generation iphone,20,0.06,1.2
iphone,2007 audi a4 iphone adapter,10,0.11,1.1
iphone,1st gen iphone case,10,0.11,1.1
iphone,3 best friends iphone cases,10,0.11,1.1
iphone,24ct.gold iphone,10,0.11,1.1
iphone,24ct gold iphone,10,0.11,1.1
iphone,10 foot usb cord for iphone,10,0.1,1.0
iphone,12 south bookbook iphone 5,10,0.1,1.0
iphone,2008 audi a4 iphone adapter,10,0.1,1.0
iphone,2 sim cards iphone,10,0.1,1.0
iphone,24 gold iphone 6,20,0.05,1.0
iphone,1st iphone price,20,0.05,1.0
iphone,2 sim iphone,10,0.09,0.9
iphone,2680mah iphone 5 battery review,10,0.08,0.8
iphone,24 carat iphone,10,0.08,0.8
iphone,10 foot iphone 5 charger amazon,10,0.08,0.8
iphone,$199 iphone 6,10,0.08,0.8
iphone,1st ever iphone,20,0.04,0.8
iphone,1g iphone,20,0.04,0.8
iphone,24kt gold iphone 5,10,0.06,0.6
iphone,24 carat gold iphone 5,10,0.06,0.6
iphone,1800 iphone unlock,10,0.06,0.6
iphone,17mm ball mount iphone,10,0.06,0.6
iphone,1 iphone 7,10,0.06,0.6
iphone,16g iphone 5 for sale,10,0.06,0.6
iphone,128gb iphone 6 plus sprint,30,0.02,0.6
iphone,100 best iphone apps,50,0.01,0.5
iphone,1st gen iphone price,10,0.04,0.4
iphone,$350 iphone,10,0.04,0.4
iphone,$199 iphone 5s,10,0.03,0.3
iphone,24k gold iphone backplate,10,0.03,0.3
iphone,150 iphone,10,0.03,0.3
iphone,1st generation iphone case,10,0.03,0.3
iphone,2010 nissan sentra iphone 5 cable,10,0.02,0.2
iphone,16gb iphone 4s ebay,10,0.02,0.2
iphone,128gb iphone 5c,10,0.02,0.2
iphone,128gb apple iphone 6 plus,10,0.02,0.2
iphone,$199 iphone,10,0.02,0.2
iphone,2500 mah iphone charger,10,0.01,0.1
iphone,10 best free apps for iphone 6,10,0.01,0.1
iphone,100 best apps for iphone 4s,0,0.0,0.0
iphone,10 reasons not to buy iphone 5,0,0.0,0.0
iphone,10 best games for iphone 4s,0,0.0,0.0
iphone,1 man 1 jar video iphone,0,0.0,0.0
iphone,1 iphone 2 itunes,0,0.0,0.0
iphone,1 2 call iphone package,0,0.0,0.0
iphone,0800 wizard iphone app,0,0.0,0.0
iphone,0800 wizard app for iphone,0,0.0,0.0
iphone,02 upgrades iphone 5,0,0.0,0.0
iphone,02 upgrade iphone 5,0,0.0,0.0
iphone,02 unlock iphone form,0,0.0,0.0
iphone,02 unlock iphone 3gs,0,0.0,0.0
iphone,02 tariffs iphone 5,0,0.0,0.0
iphone,02 tariffs iphone 4s,0,0.0,0.0
iphone,02 tariffs iphone,0,0.0,0.0
iphone,02 sims for iphone,0,0.0,0.0
iphone,02 simplicity iphone,0,0.0,0.0
iphone,02 sim cards for iphone 4,0,0.0,0.0
iphone,02 sim cards for iphone,0,0.0,0.0
iphone,02 sim card for iphone,0,0.0,0.0
iphone,02 settings for iphone 3gs,0,0.0,0.0
iphone,02 roaming charges on the iphone,0,0.0,0.0
iphone,02 phone upgrade iphone,0,0.0,0.0
iphone,02 pay as you go iphone,0,0.0,0.0
iphone,02 mobile contracts for iphone,0,0.0,0.0
iphone,02 ireland iphone,0,0.0,0.0
iphone,02 iphone unlock instructions,0,0.0,0.0
iphone,02 iphone unlock forum,0,0.0,0.0
iphone,02 iphone tariff,0,0.0,0.0
iphone,02 iphone stock,0,0.0,0.0
iphone,02 iphone mms settings,0,0.0,0.0
iphone,02 iphone cases,0,0.0,0.0
iphone,02 iphone 5 deal,0,0.0,0.0
iphone,02 iphone 4s offer,0,0.0,0.0
iphone,02 iphone 4s availability,0,0.0,0.0
iphone,02 iphone 4g,0,0.0,0.0
iphone,02 iphone 4 tariffs,0,0.0,0.0
iphone,02 iphone 4 pay as you go,0,0.0,0.0
iphone,02 iphone 4 contract deals,0,0.0,0.0
iphone,02 iphone 3gs unlock,0,0.0,0.0
iphone,02 iphone 3gs,0,0.0,0.0
iphone,02 ipad and iphone deal,0,0.0,0.0
iphone,02 internet settings iphone 4s,0,0.0,0.0
iphone,02 internet settings iphone,0,0.0,0.0
iphone,02 deals on iphone 5,0,0.0,0.0
iphone,02 deals iphone 5,0,0.0,0.0
iphone,02 contracts iphone 5,0,0.0,0.0
iphone,02 apple iphone 5,0,0.0,0.0
iphone,02 apple iphone 4,0,0.0,0.0
iphone,02 12 month contract iphone 4s,0,0.0,0.0
iphone,0.facebook sur iphone,0,0.0,0.0
iphone,2.0.12 unlock iphone 4s,0,0.0,0.0
iphone,2 simkort i iphone,0,0.0,0.0
iphone,2 simkaarten in iphone 4,0,0.0,0.0
iphone,2 simkaarten in iphone,0,0.0,0.0
iphone,2 sim karten iphone 4,0,0.0,0.0
iphone,2 sim iphone 4,0,0.0,0.0
iphone,2 sim cards in iphone 4,0,0.0,0.0
iphone,2 sim card iphone 4s,0,0.0,0.0
iphone,2 metre iphone usb cable,0,0.0,0.0
iphone,2 kids in a sandbox iphone,0,0.0,0.0
iphone,2 degrees apn iphone,0,0.0,0.0
iphone,1und1 iphone mail,0,0.0,0.0
iphone,1900mah iphone,0,0.0,0.0
iphone,1900mah battery iphone,0,0.0,0.0
iphone,1881 app iphone,0,0.0,0.0
iphone,18 gb iphone 4s,0,0.0,0.0
iphone,16gb 3gs iphone,0,0.0,0.0
iphone,1611 iphone error,0,0.0,0.0
iphone,1604 error iphone 3gs,0,0.0,0.0
iphone,1603 error iphone,0,0.0,0.0
iphone,1601 error iphone restore,0,0.0,0.0
iphone,1601 error iphone 3gs restore,0,0.0,0.0
iphone,1601 error iphone,0,0.0,0.0
iphone,1600mah iphone 3gs battery,0,0.0,0.0
iphone,1600mah battery for iphone 3gs,0,0.0,0.0
iphone,1600 error iphone 3gs,0,0.0,0.0
iphone,123-reg email iphone,0,0.0,0.0
iphone,123 reg email settings iphone,0,0.0,0.0
iphone,12 september iphone 5,0,0.0,0.0
iphone,12 month plan iphone 5,0,0.0,0.0
iphone,12 month contracts iphone 5,0,0.0,0.0
iphone,12 month contract iphone 5 uk,0,0.0,0.0
iphone,12 month contract iphone 4,0,0.0,0.0
iphone,116 000 iphone case,0,0.0,0.0
iphone,1015 error on iphone 3g,0,0.0,0.0
iphone,1015 error in iphone 3g,0,0.0,0.0
iphone,1013 iphone error,0,0.0,0.0
iphone,1000 mb internet iphone,0,0.0,0.0
iphone,100 cameras in 1 iphone,0,0.0,0.0
iphone,100 best apps for iphone 5,0,0.0,0.0
iphone,3 deals iphone 5,0,0.0,0.0
iphone,3 contracts iphone,0,0.0,0.0
iphone,3 contract deals iphone 4s,0,0.0,0.0
iphone,3 cellular data settings iphone,0,0.0,0.0
iphone,3 australia unlock iphone,0,0.0,0.0
iphone,2nd iphone 4 for sale,0,0.0,0.0
iphone,2nd hand iphone 4g,0,0.0,0.0
iphone,2nd hand iphone 4 south africa,0,0.0,0.0
iphone,2nd hand iphone 4 prices,0,0.0,0.0
iphone,2g sim card in iphone 4,0,0.0,0.0
iphone,2g iphone unlock 3.1.3,0,0.0,0.0
iphone,2680mah high capacity replacement gold battery for iphone 4,0,0.0,0.0
iphone,24ct gold plated iphone 4,0,0.0,0.0
iphone,24ct gold iphone 4 case,0,0.0,0.0
iphone,24 ringtone iphone 4s,0,0.0,0.0
iphone,24 ctu ringtone for iphone 4,0,0.0,0.0
iphone,22 tracks app iphone,0,0.0,0.0
iphone,21 world tv iphone,0,0.0,0.0
iphone,3 in 1 camera lens for iphone,10,0.0,0.0
iphone,3 in 1 cable iphone,10,0.0,0.0
iphone,3 hong kong iphone,10,0.0,0.0
iphone,3 hk iphone 5,10,0.0,0.0
iphone,3 hk iphone 4,10,0.0,0.0
iphone,3 hk iphone,10,0.0,0.0
iphone,3 guys one hammer video for iphone,10,0.0,0.0
iphone,3 guys one hammer iphone,10,0.0,0.0
iphone,3 gs iphone,10,0.0,0.0
iphone,3 gb iphone,10,0.0,0.0
iphone,3 g iphone,10,0.0,0.0
iphone,3 dots on iphone text message,10,0.0,0.0
iphone,3 deals on iphone 5,10,0.0,0.0
iphone,3 deals iphone,10,0.0,0.0
iphone,3 contracts iphone 6,10,0.0,0.0
iphone,3 contracts iphone 5s,10,0.0,0.0
iphone,3 contract phones iphone 5,10,0.0,0.0
iphone,3 colors of iphone 5s,10,0.0,0.0
iphone,3 click tv iphone,10,0.0,0.0
iphone,3 best friends iphone 4 cases,10,0.0,0.0
iphone,3 best friend iphone 4 cases,10,0.0,0.0
iphone,3 apple iphone 4s,10,0.0,0.0
iphone,3 apple iphone,10,0.0,0.0
iphone,3 apn settings iphone,10,0.0,0.0
iphone,3 and iphone,10,0.0,0.0
iphone,3 abonnemang iphone,10,0.0,0.0
iphone,3 5 iphone,10,0.0,0.0
iphone,3 4g iphone 5,10,0.0,0.0
iphone,3 2 iphone,10,0.0,0.0
iphone,2xx plantronics pairing with iphone,10,0.0,0.0
iphone,2xl trophylite rally iphone,10,0.0,0.0
iphone,2x2 photo iphone app,10,0.0,0.0
iphone,2x2 iphone,10,0.0,0.0
iphone,2x iphone app,10,0.0,0.0
iphone,2x iphone 4,10,0.0,0.0
iphone,2x iphone,10,0.0,0.0
iphone,2x battery iphone,10,0.0,0.0
iphone,2sim iphone,10,0.0,0.0
iphone,2shared download iphone,10,0.0,0.0
iphone,2shared cydia iphone,10,0.0,0.0
iphone,2r-tec iphone 6,10,0.0,0.0
iphone,2r-tec iphone,10,0.0,0.0
iphone,2pm iphone 4 case,10,0.0,0.0
iphone,2phone iphone 4s,10,0.0,0.0
iphone,2phone iphone 4,10,0.0,0.0
iphone,2phone for iphone 4,10,0.0,0.0
iphone,2phone for iphone,10,0.0,0.0
iphone,2phone dual sim power case for iphone 4,10,0.0,0.0
iphone,2pac wallpapers for iphone,10,0.0,0.0
iphone,2pac wallpaper iphone,10,0.0,0.0
iphone,2pac wallpaper for iphone,10,0.0,0.0
iphone,2pac iphone 5 case,10,0.0,0.0
iphone,2pac iphone 4 case,10,0.0,0.0
iphone,2ne1 iphone 4 case,10,0.0,0.0
iphone,2nd line iphone,10,0.0,0.0
iphone,2nd iphone on itunes,10,0.0,0.0
iphone,2nd iphone 4s,10,0.0,0.0
iphone,2nd iphone 4 price,10,0.0,0.0
iphone,2nd hand iphone for sale,10,0.0,0.0
iphone,2nd hand iphone 5s in singapore,10,0.0,0.0
iphone,2nd hand iphone 5s for sale,10,0.0,0.0
iphone,2nd hand iphone 5s 16gb,10,0.0,0.0
iphone,2nd hand iphone 5 philippines,10,0.0,0.0
iphone,2nd hand iphone 4s for sale,10,0.0,0.0
iphone,2nd hand iphone 4s 64gb,10,0.0,0.0
iphone,2nd hand iphone 4s,10,0.0,0.0
iphone,2nd hand iphone 4 unlocked,10,0.0,0.0
iphone,2nd hand iphone 4 price,10,0.0,0.0
iphone,2nd hand iphone 4,10,0.0,0.0
iphone,2nd hand iphone 3gs price,10,0.0,0.0
iphone,2nd hand iphone 3gs,10,0.0,0.0
iphone,2nd hand apple iphone,10,0.0,0.0
iphone,2nd generation iphone 5,10,0.0,0.0
iphone,2nd gen iphone 5,10,0.0,0.0
iphone,2me iphone 5 case,10,0.0,0.0
iphone,2m iphone usb cable,10,0.0,0.0
iphone,2m iphone 5 cable,10,0.0,0.0
iphone,2m iphone 4s charger,10,0.0,0.0
iphone,2m iphone 4 charger,10,0.0,0.0
iphone,2m iphone 4 cable,10,0.0,0.0
iphone,2k sports nhl 2k11 iphone,10,0.0,0.0
iphone,2k drive iphone download,10,0.0,0.0
iphone,2gs iphone,10,0.0,0.0
iphone,2go on iphone,10,0.0,0.0
iphone,2go mobile messenger for iphone,10,0.0,0.0
iphone,2go messenger for iphone,10,0.0,0.0
iphone,2go iphone download,10,0.0,0.0
iphone,2go im for iphone,10,0.0,0.0
iphone,2go for iphone 3g,10,0.0,0.0
iphone,2go for iphone,10,0.0,0.0
iphone,2go chat for iphone,10,0.0,0.0
iphone,2go app for iphone,10,0.0,0.0
iphone,2gis iphone,10,0.0,0.0
iphone,2girls1cup iphone,10,0.0,0.0
iphone,2gir s 1 cup iphone,10,0.0,0.0
iphone,2gb iphone plan,10,0.0,0.0
iphone,2gb iphone data plan enough,10,0.0,0.0
iphone,2gb iphone data plan,10,0.0,0.0
iphone,2gb iphone app,10,0.0,0.0
iphone,2gb iphone 5,10,0.0,0.0
iphone,2gb iphone,10,0.0,0.0
iphone,2g vs 3g iphone,10,0.0,0.0
iphone,2g unlock iphone 3.1.3,10,0.0,0.0
iphone,2g iphone wifi,10,0.0,0.0
iphone,2g iphone unlock,10,0.0,0.0
iphone,2g iphone specs,10,0.0,0.0
iphone,2g iphone parts,10,0.0,0.0
iphone,2g iphone jailbreak 3.1.3,10,0.0,0.0
iphone,2g iphone jailbreak,10,0.0,0.0
iphone,2g iphone games,10,0.0,0.0
iphone,2g iphone cases,10,0.0,0.0
iphone,2g iphone case,10,0.0,0.0
iphone,2g iphone battery replacement,10,0.0,0.0
iphone,2g iphone battery,10,0.0,0.0
iphone,2g iphone 6,10,0.0,0.0
iphone,2g iphone 5s,10,0.0,0.0
iphone,2g iphone 5,10,0.0,0.0
iphone,2g 8gb iphone,10,0.0,0.0
iphone,2ememain.be iphone,10,0.0,0.0
iphone,2ehands iphone,10,0.0,0.0
iphone,2e hands iphone,10,0.0,0.0
iphone,2dscan iphone,10,0.0,0.0
iphone,2do iphone review,10,0.0,0.0
iphone,2do iphone app review,10,0.0,0.0
iphone,2do iphone app,10,0.0,0.0
iphone,2do iphone,10,0.0,0.0
iphone,2dehands iphone,10,0.0,0.0
iphone,2de hands iphone,10,0.0,0.0
iphone,2d sense iphone,10,0.0,0.0
iphone,2d scanner iphone,10,0.0,0.0
iphone,2d mmorpg iphone,10,0.0,0.0
iphone,2d iphone game engine,10,0.0,0.0
iphone,2d game engine iphone,10,0.0,0.0
iphone,2d code scanner iphone,10,0.0,0.0
iphone,2d code reader iphone,10,0.0,0.0
iphone,2d barcode scanner iphone app,10,0.0,0.0
iphone,2d barcode scanner for iphone,10,0.0,0.0
iphone,2d barcode reader iphone app,10,0.0,0.0
iphone,2d barcode reader iphone,10,0.0,0.0
iphone,2d barcode reader for iphone,10,0.0,0.0
iphone,2d barcode iphone app,10,0.0,0.0
iphone,2d barcode iphone,10,0.0,0.0
iphone,2d barcode generator iphone,10,0.0,0.0
iphone,2coolfishing iphone app,10,0.0,0.0
iphone,2conv iphone,10,0.0,0.0
iphone,2conv for iphone,10,0.0,0.0
iphone,2chmate iphone,10,0.0,0.0
iphone,2ch.net iphone,10,0.0,0.0
iphone,2ch iphone,10,0.0,0.0
iphone,2a charger iphone,10,0.0,0.0
iphone,299 iphone,10,0.0,0.0
iphone,29 iphone,10,0.0,0.0
iphone,280 maps iphone,10,0.0,0.0
iphone,28.5 gb iphone 4,10,0.0,0.0
iphone,28 gb iphone,10,0.0,0.0
iphone,28 degrees mastercard iphone app,10,0.0,0.0
iphone,27 iphone 5c,10,0.0,0.0
iphone,2680mah iphone battery review,10,0.0,0.0
iphone,2680mah iphone battery,10,0.0,0.0
iphone,2680mah iphone 5,10,0.0,0.0
iphone,2680mah iphone 4 battery,10,0.0,0.0
iphone,2680mah high-capacity gold battery for apple iphone 4,10,0.0,0.0
iphone,2680mah battery for iphone 5,10,0.0,0.0
iphone,2680mah battery for iphone 4s,10,0.0,0.0
iphone,2680 mah iphone 5s battery,10,0.0,0.0
iphone,2680 mah iphone 5,10,0.0,0.0
iphone,2680 mah iphone 4s,10,0.0,0.0
iphone,2680 iphone 4s,10,0.0,0.0
iphone,2680 battery iphone 5,10,0.0,0.0
iphone,2680 battery iphone 4s,10,0.0,0.0
iphone,2600mah portable external power bank battery charger for iphone 5,10,0.0,0.0
iphone,2600mah iphone 6,10,0.0,0.0
iphone,2600mah iphone 5,10,0.0,0.0
iphone,2600mah iphone,10,0.0,0.0
iphone,2600mah flash charger for iphone 5,10,0.0,0.0
iphone,2600 mah iphone 5,10,0.0,0.0
iphone,2600 mah iphone,10,0.0,0.0
iphone,26 iphone,10,0.0,0.0
iphone,25pp iphone 5s,10,0.0,0.0
iphone,25pp iphone 4s,10,0.0,0.0
iphone,25pp iphone 4,10,0.0,0.0
iphone,25k gold iphone,10,0.0,0.0
iphone,25c3 hacking the iphone,10,0.0,0.0
iphone,2595lmt iphone,10,0.0,0.0
iphone,255pp iphone,10,0.0,0.0
iphone,2557 be iphone calendar,10,0.0,0.0
iphone,2557 be iphone,10,0.0,0.0
iphone,2556 be iphone,10,0.0,0.0
iphone,2555 be iphone,10,0.0,0.0
iphone,250mb data plan enough iphone,10,0.0,0.0
iphone,2500mah power charger battery bank for iphone,10,0.0,0.0
iphone,2500mah mobile external power battery charger for iphone 5,10,0.0,0.0
iphone,2500mah iphone,10,0.0,0.0
iphone,2500 mah iphone case,10,0.0,0.0
iphone,2500 mah iphone battery case,10,0.0,0.0
iphone,2500 mah iphone 5,10,0.0,0.0
iphone,2500 mah iphone,10,0.0,0.0
iphone,250 iphone 5 stolen,10,0.0,0.0
iphone,25 useful iphone tips,10,0.0,0.0
iphone,25 tips for iphone 6,10,0.0,0.0
iphone,25 iphone tips,10,0.0,0.0
iphone,25 iphone apps,10,0.0,0.0
iphone,25 iphone,10,0.0,0.0
iphone,25 awesome iphone tips and tricks,10,0.0,0.0
iphone,25 apps for iphone 4s,10,0.0,0.0
iphone,24sms iphone,10,0.0,0.0
iphone,24kt gold plated iphone 5,10,0.0,0.0
iphone,24kt gold iphone case,10,0.0,0.0
iphone,24kt gold iphone 5s price,10,0.0,0.0
iphone,24karats iphone,10,0.0,0.0
iphone,24k rose gold iphone 6,10,0.0,0.0
iphone,24k rose gold iphone 5,10,0.0,0.0
iphone,24k plated iphone 6,10,0.0,0.0
iphone,24k iphone 5 case,10,0.0,0.0
iphone,24k gold swarovski iphone 4 32gb,10,0.0,0.0
iphone,24k gold limited edition iphone,10,0.0,0.0
iphone,24k gold iphone 4 backplate,10,0.0,0.0
iphone,24k gold edition iphone case,10,0.0,0.0
iphone,24k gold edition iphone,10,0.0,0.0
iphone,24k carat gold iphone 6,10,0.0,0.0
iphone,24h le mans iphone app,10,0.0,0.0
iphone,24ct. gold swarovski apple iphone 4,10,0.0,0.0
iphone,24ct rose gold edition iphone 5,10,0.0,0.0
iphone,24ct gold iphone 6 plus,10,0.0,0.0
iphone,24ct gold iphone 5 case,10,0.0,0.0
iphone,24ct gold iphone 5,10,0.0,0.0
iphone,247 iphone unlocker v2.2 serial number,10,0.0,0.0
iphone,247 iphone unlocker crack,10,0.0,0.0
iphone,247 iphone unlocker,10,0.0,0.0
iphone,2430mah iphone 4 battery,10,0.0,0.0
iphone,240 fps iphone 5s,10,0.0,0.0
iphone,24-karat iphone 5,10,0.0,0.0
iphone,24-karat gold-plated iphone 5,10,0.0,0.0
iphone,24-karat gold iphone 5,10,0.0,0.0
iphone,24-carat iphone 5,10,0.0,0.0
iphone,24 wallpaper iphone,10,0.0,0.0
iphone,24 tv show ringtone iphone,10,0.0,0.0
iphone,24 tv show ringtone for iphone,10,0.0,0.0
iphone,24 special ops iphone,10,0.0,0.0
iphone,24 sms iphone,10,0.0,0.0
iphone,24 ringtones iphone,10,0.0,0.0
iphone,24 ringtones for iphone,10,0.0,0.0
iphone,24 ringtone iphone free download,10,0.0,0.0
iphone,24 ringtone iphone free,10,0.0,0.0
iphone,24 ringtone iphone 5,10,0.0,0.0
iphone,24 ringtone iphone 4,10,0.0,0.0
iphone,24 ringtone free iphone,10,0.0,0.0
iphone,24 ringtone for iphone 4,10,0.0,0.0
iphone,24 ringtone download iphone,10,0.0,0.0
iphone,24 phone ringtone iphone,10,0.0,0.0
iphone,24 phone ringtone for iphone,10,0.0,0.0
iphone,24 klingelton iphone,10,0.0,0.0
iphone,24 karat gold plated iphone 5 price,10,0.0,0.0
iphone,24 karat gold plated iphone,10,0.0,0.0
iphone,24 karat gold iphone 5,10,0.0,0.0
iphone,24 iphone ringtones,10,0.0,0.0
iphone,24 iphone ringtone,10,0.0,0.0
iphone,24 iphone game,10,0.0,0.0
iphone,24 iphone,10,0.0,0.0
iphone,24 hours ringtone iphone,10,0.0,0.0
iphone,24 hour fitness iphone app,10,0.0,0.0
iphone,24 hour fitness iphone,10,0.0,0.0
iphone,24 gb iphone,10,0.0,0.0
iphone,24 ctu ringtone iphone free,10,0.0,0.0
iphone,24 ctu ringtone iphone 5,10,0.0,0.0
iphone,24 ctu ringtone iphone 4,10,0.0,0.0
iphone,24 ctu ringtone iphone,10,0.0,0.0
iphone,24 ctu ringtone for iphone,10,0.0,0.0
iphone,24 ctu ringtone for apple iphone,10,0.0,0.0
iphone,24 ctu iphone ringtone,10,0.0,0.0
iphone,24 carat iphone 5s,10,0.0,0.0
iphone,24 carat iphone 5,10,0.0,0.0
iphone,24 carat gold plated iphone 5 price,10,0.0,0.0
iphone,24 carat gold iphone back,10,0.0,0.0
iphone,24 carat gold iphone 5 price,10,0.0,0.0
iphone,24 carat gold iphone 4 case,10,0.0,0.0
iphone,24 carat gold iphone 4,10,0.0,0.0
iphone,24 bit audio iphone,10,0.0,0.0
iphone,24 7 iphone cases,10,0.0,0.0
iphone,23isback app iphone,10,0.0,0.0
iphone,2200mah slim iphone 5 battery case,10,0.0,0.0
iphone,2200mah portable power station for apple iphone,10,0.0,0.0
iphone,2200mah iphone charger,10,0.0,0.0
iphone,2200mah iphone battery case,10,0.0,0.0
iphone,2200mah iphone battery,10,0.0,0.0
iphone,2200mah iphone 5,10,0.0,0.0
iphone,2200mah iphone,10,0.0,0.0
iphone,2200mah external backup battery charger power bank for iphone 5,10,0.0,0.0
iphone,2200mah battery for iphone 5,10,0.0,0.0
iphone,2200mah battery charger for iphone 5,10,0.0,0.0
iphone,2200 mah iphone,10,0.0,0.0
iphone,22 tracks iphone,10,0.0,0.0
iphone,22 iphone,10,0.0,0.0
iphone,21st century insurance iphone app,10,0.0,0.0
iphone,21 things iphone,10,0.0,0.0
iphone,21 tech iphone 6 case,10,0.0,0.0
iphone,21 jump street for iphone,10,0.0,0.0
iphone,21 iphone tricks,10,0.0,0.0
iphone,21 error iphone 4,10,0.0,0.0
iphone,21 error iphone,10,0.0,0.0
iphone,21 cool iphone apps,10,0.0,0.0
iphone,20q iphone app,10,0.0,0.0
iphone,2044 iphone,10,0.0,0.0
iphone,2015 iphone 4,10,0.0,0.0
iphone,2015 apps iphone,10,0.0,0.0
iphone,2014 new iphone,10,0.0,0.0
iphone,2014 iphone 6 video,10,0.0,0.0
iphone,2014 iphone 5s,10,0.0,0.0
iphone,2014 iphone 4s,10,0.0,0.0
iphone,2014 corvette stingray iphone wallpaper,10,0.0,0.0
iphone,2014 corvette iphone 5 wallpaper,10,0.0,0.0
iphone,2013 iphone sales,10,0.0,0.0
iphone,2013 iphone release date,10,0.0,0.0
iphone,2013 iphone release,10,0.0,0.0
iphone,2013 iphone 6,10,0.0,0.0
iphone,2013 iphone 5s,10,0.0,0.0
iphone,2013 iphone 5 games,10,0.0,0.0
iphone,2013 iphone 4s,10,0.0,0.0
iphone,2013 iphone 4,10,0.0,0.0
iphone,2013 iphone 3gs,10,0.0,0.0
iphone,2013 best iphone games,10,0.0,0.0
iphone,2013 audi a4 iphone connection,10,0.0,0.0
iphone,2012 mazda 3 bluetooth iphone,10,0.0,0.0
iphone,2012 iphone 5 release date,10,0.0,0.0
iphone,2012 iphone 5 design,10,0.0,0.0
iphone,2012 honda crv iphone,10,0.0,0.0
iphone,2012 cr v iphone,10,0.0,0.0
iphone,2012 best iphone games,10,0.0,0.0
iphone,2012 best iphone apps,10,0.0,0.0
iphone,2012 best games for iphone,10,0.0,0.0
iphone,2012 best apps for iphone,10,0.0,0.0
iphone,2012 apple iphone 5,10,0.0,0.0
iphone,2011 iphone 4s,10,0.0,0.0
iphone,2010 mazda 3 bluetooth iphone,10,0.0,0.0
iphone,2010 iphone market share,10,0.0,0.0
iphone,2010 iphone games,10,0.0,0.0
iphone,2010 iphone apps,10,0.0,0.0
iphone,2010 iphone 4,10,0.0,0.0
iphone,2010 ford fusion sync iphone,10,0.0,0.0
iphone,2010 apple iphone,10,0.0,0.0
iphone,200mb data plan enough iphone,10,0.0,0.0
iphone,2009 iphone sales,10,0.0,0.0
iphone,2009 iphone price,10,0.0,0.0
iphone,2009 iphone games,10,0.0,0.0
iphone,2008 iphone sales,10,0.0,0.0
iphone,2008 iphone 3g,10,0.0,0.0
iphone,2008 ford edge sync iphone 4,10,0.0,0.0
iphone,2008 audi a4 iphone cradle,10,0.0,0.0
iphone,2008 audi a4 bluetooth iphone,10,0.0,0.0
iphone,2008 apple iphone,10,0.0,0.0
iphone,2007 steve jobs iphone,10,0.0,0.0
iphone,2007 iphone sales,10,0.0,0.0
iphone,2007 iphone keynote,10,0.0,0.0
iphone,2007 iphone commercial,10,0.0,0.0
iphone,2007 honda accord iphone integration,10,0.0,0.0
iphone,2005 mazda 6 iphone adapter,10,0.0,0.0
iphone,2005 mazda 3 iphone adapter,10,0.0,0.0
iphone,2005 audi a6 bluetooth iphone,10,0.0,0.0
iphone,2005 acura tl bluetooth iphone,10,0.0,0.0
iphone,2003 iphone error,10,0.0,0.0
iphone,2003 iphone,10,0.0,0.0
iphone,2003 error iphone,10,0.0,0.0
iphone,2001 error iphone,10,0.0,0.0
iphone,2000mah iphone 4 battery,10,0.0,0.0
iphone,2000mah battery iphone 5,10,0.0,0.0
iphone,200 mb iphone,10,0.0,0.0
iphone,200 iphone apps,10,0.0,0.0
iphone,20 questions iphone app,10,0.0,0.0
iphone,20 questions iphone,10,0.0,0.0
iphone,20 iphone tips and tricks,10,0.0,0.0
iphone,20 iphone tips,10,0.0,0.0
iphone,20 iphone cases,10,0.0,0.0
iphone,20 best iphone spy apps,10,0.0,0.0
iphone,20 best iphone cases,10,0.0,0.0
iphone,2.el iphone 5,10,0.0,0.0
iphone,2.el iphone 4s,10,0.0,0.0
iphone,2.el iphone 4g 32 gb,10,0.0,0.0
iphone,2.el iphone 4,10,0.0,0.0
iphone,2.el iphone,10,0.0,0.0
iphone,2.1a iphone charger,10,0.0,0.0
iphone,2.1a charger iphone 6,10,0.0,0.0
iphone,2.1a charger for iphone,10,0.0,0.0
iphone,2.1 amp charger for iphone,10,0.0,0.0
iphone,2.0.iphone,10,0.0,0.0
iphone,2. girls 1 one cup iphone,10,0.0,0.0
iphone,2-step verification google iphone mail,10,0.0,0.0
iphone,2-in-1 charger and audio cable for iphone,10,0.0,0.0
iphone,2 year contract verizon iphone 5,10,0.0,0.0
iphone,2 year contract verizon iphone 4,10,0.0,0.0
iphone,2 year contract for iphone 5s,10,0.0,0.0
iphone,2 x iphone,10,0.0,0.0
iphone,2 way audio ip camera iphone,10,0.0,0.0
iphone,2 twitter accounts on iphone,10,0.0,0.0
iphone,2 tone iphone 5 case,10,0.0,0.0
iphone,2 step verification google iphone,10,0.0,0.0
iphone,2 step verification for iphone,10,0.0,0.0
iphone,2 step authentication iphone,10,0.0,0.0
iphone,2 spieler reaktor iphone,10,0.0,0.0
iphone,2 speakers on iphone 4,10,0.0,0.0
iphone,2 sims iphone,10,0.0,0.0
iphone,2 sims in iphone 5,10,0.0,0.0
iphone,2 sims in iphone 4,10,0.0,0.0
iphone,2 sims in iphone,10,0.0,0.0
iphone,2 simkarten iphone,10,0.0,0.0
iphone,2 simkaarten in iphone 5,10,0.0,0.0
iphone,2 sim karten iphone 5,10,0.0,0.0
iphone,2 sim karten iphone,10,0.0,0.0
iphone,2 sim iphone case,10,0.0,0.0
iphone,2 sim iphone 6,10,0.0,0.0
iphone,2 sim iphone 5s,10,0.0,0.0
iphone,2 sim iphone 5,10,0.0,0.0
iphone,2 sim for iphone,10,0.0,0.0
iphone,2 sim cards iphone 5,10,0.0,0.0
iphone,2 sim cards iphone 4s,10,0.0,0.0
iphone,2 sim cards iphone 4,10,0.0,0.0
iphone,2 sim cards in iphone,10,0.0,0.0
iphone,2 sim card iphone 5,10,0.0,0.0
iphone,2 sim adapter iphone,10,0.0,0.0
iphone,2 profiles on iphone,10,0.0,0.0
iphone,2 player reactor iphone,10,0.0,0.0
iphone,2 player racing games iphone,10,0.0,0.0
iphone,2 player iphone 4 games,10,0.0,0.0
iphone,2 player games for iphone free,10,0.0,0.0
iphone,2 player games for android and iphone,10,0.0,0.0
iphone,2 player game for iphone,10,0.0,0.0
iphone,2 player 2 iphone games,10,0.0,0.0
iphone,2 piece snap on iphone 5 case,10,0.0,0.0
iphone,2 piece snap on iphone 4 case,10,0.0,0.0
iphone,2 piece iphone 4 covers,10,0.0,0.0
iphone,2 piece iphone 4 cases,10,0.0,0.0
iphone,2 phone for iphone,10,0.0,0.0
iphone,2 phone case for iphone 4,10,0.0,0.0
iphone,2 passwords for iphone,10,0.0,0.0
iphone,2 part iphone 5 case,10,0.0,0.0
iphone,2 part iphone 4 case,10,0.0,0.0
iphone,2 numbers one iphone,10,0.0,0.0
iphone,2 new iphone models,10,0.0,0.0
iphone,2 meter iphone 5 cable,10,0.0,0.0
iphone,2 meter iphone 4 cable,10,0.0,0.0
iphone,2 line cell phone iphone,10,0.0,0.0
iphone,2 kids 1 sandbox video iphone,10,0.0,0.0
iphone,2 kids 1 sandbox video for iphone,10,0.0,0.0
iphone,2 kids 1 sandbox on iphone,10,0.0,0.0
iphone,2 kids 1 sandbox iphone,10,0.0,0.0
iphone,2 itunes accounts on 1 iphone,10,0.0,0.0
iphone,2 itunes 1 iphone,10,0.0,0.0
iphone,2 iphone 5c,10,0.0,0.0
iphone,2 iphone 5 chargers,10,0.0,0.0
iphone,2 iphone 4s for sale,10,0.0,0.0
iphone,2 iphone 4s deals,10,0.0,0.0
iphone,2 iphone 4 family plan,10,0.0,0.0
iphone,2 iphone 4,10,0.0,0.0
iphone,2 iphone 3gs,10,0.0,0.0
iphone,2 in 1 iphone case,10,0.0,0.0
iphone,2 in 1 iphone card case,10,0.0,0.0
iphone,2 in 1 iphone 5 case,10,0.0,0.0
iphone,2 in 1 iphone 4s case,10,0.0,0.0
iphone,2 in 1 iphone 4 case,10,0.0,0.0
iphone,2 in 1 hybrid iphone 4 case,10,0.0,0.0
iphone,2 in 1 charger and audio cable for iphone 5,10,0.0,0.0
iphone,2 icloud accounts on iphone,10,0.0,0.0
iphone,2 guys 1 horse iphone video,10,0.0,0.0
iphone,2 gen iphone,10,0.0,0.0
iphone,2 gb iphone,10,0.0,0.0
iphone,2 g iphone,10,0.0,0.0
iphone,2 factor authentication google iphone,10,0.0,0.0
iphone,2 factor authentication gmail iphone,10,0.0,0.0
iphone,2 el telefon iphone,10,0.0,0.0
iphone,2 el iphone 5s,10,0.0,0.0
iphone,2 el iphone 5,10,0.0,0.0
iphone,2 el iphone 4s sahibinden,10,0.0,0.0
iphone,2 el iphone 4s,10,0.0,0.0
iphone,2 el iphone 4,10,0.0,0.0
iphone,2 el iphone 3,10,0.0,0.0
iphone,2 el iphone,10,0.0,0.0
iphone,2 din stereo iphone,10,0.0,0.0
iphone,2 din iphone,10,0.0,0.0
iphone,2 din car stereo iphone,10,0.0,0.0
iphone,2 degrees sim card for iphone,10,0.0,0.0
iphone,2 degrees nz iphone,10,0.0,0.0
iphone,2 degrees iphone settings,10,0.0,0.0
iphone,2 comptes facebook sur iphone,10,0.0,0.0
iphone,2 color iphone cases,10,0.0,0.0
iphone,2 clocks on iphone lock screen,10,0.0,0.0
iphone,2 chainz iphone wallpaper,10,0.0,0.0
iphone,2 chainz iphone case,10,0.0,0.0
iphone,2 chainz iphone 5 wallpaper,10,0.0,0.0
iphone,2 chainz iphone 5 case,10,0.0,0.0
iphone,2 chainz iphone 4 case,10,0.0,0.0
iphone,2 cartes sim iphone,10,0.0,0.0
iphone,2 amp charger for iphone,10,0.0,0.0
iphone,2 across iphone app,10,0.0,0.0
iphone,1up ringtone iphone,10,0.0,0.0
iphone,1und1 webmailer iphone,10,0.0,0.0
iphone,1und1 webmailer app iphone,10,0.0,0.0
iphone,1und1 webmail iphone,10,0.0,0.0
iphone,1und1 voip iphone,10,0.0,0.0
iphone,1und1 smtp iphone,10,0.0,0.0
iphone,1und1 mailxchange iphone,10,0.0,0.0
iphone,1und1 mail iphone,10,0.0,0.0
iphone,1und1 iphone email einrichten,10,0.0,0.0
iphone,1und1 iphone email,10,0.0,0.0
iphone,1und1 iphone einstellungen,10,0.0,0.0
iphone,1und1 iphone 6,10,0.0,0.0
iphone,1und1 iphone 5 vertrag,10,0.0,0.0
iphone,1und1 iphone 5,10,0.0,0.0
iphone,1und1 iphone,10,0.0,0.0
iphone,1und1 imap iphone,10,0.0,0.0
iphone,1und1 email iphone,10,0.0,0.0
iphone,1und1 email einrichten iphone,10,0.0,0.0
iphone,1und1 apn iphone,10,0.0,0.0
iphone,1ting iphone app,10,0.0,0.0
iphone,1ting iphone,10,0.0,0.0
iphone,1st person shooter games for iphone,10,0.0,0.0
iphone,1st iphone review,10,0.0,0.0
iphone,1st iphone made,10,0.0,0.0
iphone,1st iphone launch,10,0.0,0.0
iphone,1st iphone app,10,0.0,0.0
iphone,1st iphone ad,10,0.0,0.0
iphone,1st iphone 6 dropped,10,0.0,0.0
iphone,1st generation iphone specs,10,0.0,0.0
iphone,1st generation iphone jailbreak,10,0.0,0.0
iphone,1st generation iphone ebay,10,0.0,0.0
iphone,1st generation iphone battery,10,0.0,0.0
iphone,1st generation iphone apps,10,0.0,0.0
iphone,1st generation apple iphone,10,0.0,0.0
iphone,1st gen iphone jailbreak,10,0.0,0.0
iphone,1st gen iphone apps,10,0.0,0.0
iphone,1st g iphone,10,0.0,0.0
iphone,1st convenience bank iphone app,10,0.0,0.0
iphone,1seg iphone,10,0.0,0.0
iphone,1phone 4s vs iphone 5,10,0.0,0.0
iphone,1phone 4 vs iphone 4s,10,0.0,0.0
iphone,1password sync with iphone,10,0.0,0.0
iphone,1password sync to iphone,10,0.0,0.0
iphone,1password review iphone,10,0.0,0.0
iphone,1password pro iphone,10,0.0,0.0
iphone,1password iphone tutorial,10,0.0,0.0
iphone,1password iphone sync,10,0.0,0.0
iphone,1password iphone master password,10,0.0,0.0
iphone,1password iphone generate password,10,0.0,0.0
iphone,1password iphone free,10,0.0,0.0
iphone,1password iphone fingerprint,10,0.0,0.0
iphone,1password iphone download,10,0.0,0.0
iphone,1password instructions iphone,10,0.0,0.0
iphone,1password app iphone,10,0.0,0.0
iphone,1os 6 for iphone 4,10,0.0,0.0
iphone,1mobile market iphone download,10,0.0,0.0
iphone,1mobile market free download for iphone,10,0.0,0.0
iphone,1mobile market for iphone 4s,10,0.0,0.0
iphone,1gb internet iphone,10,0.0,0.0
iphone,1gb data plan iphone,10,0.0,0.0
iphone,1gb data plan enough for iphone,10,0.0,0.0
iphone,1gb data iphone,10,0.0,0.0
iphone,1g1g iphone,10,0.0,0.0
iphone,1daylater iphone app,10,0.0,0.0
iphone,1d ringtones for iphone,10,0.0,0.0
iphone,1d iphone 5 cases,10,0.0,0.0
iphone,1d barcode scanner for iphone,10,0.0,0.0
iphone,1and1 webmail settings for iphone,10,0.0,0.0
iphone,1and1 webmail on iphone,10,0.0,0.0
iphone,1and1 webmail iphone setup,10,0.0,0.0
iphone,1and1 webmail iphone settings,10,0.0,0.0
iphone,1and1 webmail iphone app,10,0.0,0.0
iphone,1and1 webmail iphone,10,0.0,0.0
iphone,1and1 webmail app iphone,10,0.0,0.0
iphone,1and1 smtp settings iphone,10,0.0,0.0
iphone,1and1 smtp iphone,10,0.0,0.0
iphone,1and1 pop settings iphone,10,0.0,0.0
iphone,1and1 pop email settings iphone,10,0.0,0.0
iphone,1and1 outgoing mail server iphone,10,0.0,0.0
iphone,1and1 mailxchange iphone,10,0.0,0.0
iphone,1and1 mail on iphone,10,0.0,0.0
iphone,1and1 iphone settings,10,0.0,0.0
iphone,1and1 iphone app,10,0.0,0.0
iphone,1and1 incoming mail server iphone,10,0.0,0.0
iphone,1and1 imap iphone,10,0.0,0.0
iphone,1and1 exchange iphone,10,0.0,0.0
iphone,1993 iphone,10,0.0,0.0
iphone,199 iphone 5s,10,0.0,0.0
iphone,1983 iphone for sale,10,0.0,0.0
iphone,1980 cell phone iphone case,10,0.0,0.0
iphone,1942 iphone,10,0.0,0.0
iphone,1900mah iphone charger,10,0.0,0.0
iphone,1900mah iphone case,10,0.0,0.0
iphone,1900mah iphone battery,10,0.0,0.0
iphone,1900mah external backup battery charger pack for apple iphone 4,10,0.0,0.0
iphone,1900mah battery life iphone,10,0.0,0.0
iphone,190 iphone 5,10,0.0,0.0
iphone,190 iphone,10,0.0,0.0
iphone,19 pin iphone,10,0.0,0.0
iphone,19 pin connector iphone,10,0.0,0.0
iphone,19 mind blowing iphone,10,0.0,0.0
iphone,19 iphone tricks and tips,10,0.0,0.0
iphone,19 iphone,10,0.0,0.0
iphone,18gb iphone,10,0.0,0.0
iphone,180s gloves iphone,10,0.0,0.0
iphone,1800 unlock iphone,10,0.0,0.0
iphone,1800 iphone support,10,0.0,0.0
iphone,1800 iphone number,10,0.0,0.0
iphone,180 fisheye lens iphone 5,10,0.0,0.0
iphone,180 fisheye iphone,10,0.0,0.0
iphone,180 degree fisheye lens for iphone 4,10,0.0,0.0
iphone,18 wheels of steel iphone,10,0.0,0.0
iphone,18 rules for iphone,10,0.0,0.0
iphone,18 rooms camfrog iphone,10,0.0,0.0
iphone,18 point iphone contract,10,0.0,0.0
iphone,18 point iphone,10,0.0,0.0
iphone,18 month iphone 5 contract,10,0.0,0.0
iphone,18 gb iphone,10,0.0,0.0
iphone,178 iphone,10,0.0,0.0
iphone,1700mhz iphone,10,0.0,0.0
iphone,1700 mhz iphone,10,0.0,0.0
iphone,17 games for iphone,10,0.0,0.0
iphone,16mb or 32mb iphone 5,10,0.0,0.0
iphone,16mb iphone,10,0.0,0.0
iphone,16gb white iphone 5c,10,0.0,0.0
iphone,16gb white iphone 5,10,0.0,0.0
iphone,16gb white iphone 4s,10,0.0,0.0
iphone,16gb white iphone 4,10,0.0,0.0
iphone,16gb white iphone,10,0.0,0.0
iphone,16gb vs 32gb iphone 6,10,0.0,0.0
iphone,16gb vs 32gb iphone 5s,10,0.0,0.0
iphone,16gb vs 32gb iphone 5c,10,0.0,0.0
iphone,16gb vs 32gb iphone 5,10,0.0,0.0
iphone,16gb vs 32gb iphone 4s,10,0.0,0.0
iphone,16gb unlocked iphone 6,10,0.0,0.0
iphone,16gb unlocked iphone 5,10,0.0,0.0
iphone,16gb unlocked iphone 4s,10,0.0,0.0
iphone,16gb storage capacity iphone,10,0.0,0.0
iphone,16gb or 32gb iphone 5s,10,0.0,0.0
iphone,16gb or 32gb iphone 5c,10,0.0,0.0
iphone,16gb or 32gb iphone 5,10,0.0,0.0
iphone,16gb or 32gb iphone 4s,10,0.0,0.0
iphone,16gb on iphone how much can it hold,10,0.0,0.0
iphone,16gb iphone song capacity,10,0.0,0.0
iphone,16gb iphone price in india,10,0.0,0.0
iphone,16gb iphone price,10,0.0,0.0
iphone,16gb iphone or 32gb,10,0.0,0.0
iphone,16gb iphone only 13gb,10,0.0,0.0
iphone,16gb iphone how many songs,10,0.0,0.0
iphone,16gb iphone holds how many songs,10,0.0,0.0
iphone,16gb iphone capacity,10,0.0,0.0
iphone,16gb iphone 5s review,10,0.0,0.0
iphone,16gb iphone 5s price in india,10,0.0,0.0
iphone,16gb iphone 5s or 32gb,10,0.0,0.0
iphone,16gb iphone 5s gold,10,0.0,0.0
iphone,16gb iphone 5s for sale,10,0.0,0.0
iphone,16gb iphone 5s enough,10,0.0,0.0
iphone,16gb iphone 5s ebay,10,0.0,0.0
iphone,16gb iphone 5c price in india,10,0.0,0.0
iphone,16gb iphone 5 unlocked,10,0.0,0.0
iphone,16gb iphone 5 sim free,10,0.0,0.0
iphone,16gb iphone 5 review,10,0.0,0.0
iphone,16gb iphone 5 price in india,10,0.0,0.0
iphone,16gb iphone 5 ebay,10,0.0,0.0
iphone,16gb iphone 5 black,10,0.0,0.0
iphone,16gb iphone 4s white,10,0.0,0.0
iphone,16gb iphone 4s used,10,0.0,0.0
iphone,16gb iphone 4s sprint,10,0.0,0.0
iphone,16gb iphone 4s price in india,10,0.0,0.0
iphone,16gb iphone 4s price ebay,10,0.0,0.0
iphone,16gb iphone 4s for sale,10,0.0,0.0
iphone,16gb iphone 4s deals,10,0.0,0.0
iphone,16gb iphone 4s black,10,0.0,0.0
iphone,16gb iphone 4gs,10,0.0,0.0
iphone,16gb iphone 4 white,10,0.0,0.0
iphone,16gb iphone 4 verizon,10,0.0,0.0
iphone,16gb iphone 4 sprint,10,0.0,0.0
iphone,16gb iphone 4 sale,10,0.0,0.0
iphone,16gb iphone 4 price without contract,10,0.0,0.0
iphone,16gb iphone 4 price in india,10,0.0,0.0
iphone,16gb iphone 4 price,10,0.0,0.0
iphone,16gb iphone 4 for sale,10,0.0,0.0
iphone,16gb iphone 4 ebay,10,0.0,0.0
iphone,16gb iphone 4 capacity,10,0.0,0.0
iphone,16gb iphone 4 at&t,10,0.0,0.0
iphone,16gb iphone 3gs price,10,0.0,0.0
iphone,16gb iphone 3gs for sale,10,0.0,0.0
iphone,16gb iphone 3gs ebay,10,0.0,0.0
iphone,16gb iphone 3gs $,10,0.0,0.0
iphone,16gb iphone 3gs,10,0.0,0.0
iphone,16gb iphone 3g,10,0.0,0.0
iphone,16gb how many songs iphone,10,0.0,0.0
iphone,16gb capacity iphone,10,0.0,0.0
iphone,16gb black iphone 5,10,0.0,0.0
iphone,16gb black iphone 4s,10,0.0,0.0
iphone,100 battery iphone,10,0.0,0.0
iphone,100 aplicaciones para iphone,10,0.0,0.0
iphone,10 year old with iphone,10,0.0,0.0
iphone,10 weirdest iphone cases,10,0.0,0.0
iphone,10 top games for iphone,10,0.0,0.0
iphone,10 top apps for iphone,10,0.0,0.0
iphone,10 things you should know about your iphone,10,0.0,0.0
iphone,10 reasons to jailbreak your iphone,10,0.0,0.0
iphone,10 reasons to buy an iphone 5,10,0.0,0.0
iphone,10 reasons to buy an iphone,10,0.0,0.0
iphone,10 reasons not to buy an iphone,10,0.0,0.0
iphone,10 pro camera accessories for the iphone 5,10,0.0,0.0
iphone,10 phones better than the iphone,10,0.0,0.0
iphone,10 pack of iphone 4 cases,10,0.0,0.0
iphone,10 must have apps for iphone 6,10,0.0,0.0
iphone,10 must have apps for iphone 5,10,0.0,0.0
iphone,10 must have apps for iphone 4s,10,0.0,0.0
iphone,10 must have apps for iphone,10,0.0,0.0
iphone,10 minute mail iphone app,10,0.0,0.0
iphone,10 minute mail iphone,10,0.0,0.0
iphone,10 million iphone 5,10,0.0,0.0
iphone,10 mejores aplicaciones iphone,10,0.0,0.0
iphone,10 iphone tips,10,0.0,0.0
iphone,10 iphone pranks,10,0.0,0.0
iphone,10 iphone apps everyone should have,10,0.0,0.0
iphone,10 iphone apps,10,0.0,0.0
iphone,10 iphone 5 cases,10,0.0,0.0
iphone,10 iphone 5,10,0.0,0.0
iphone,10 iphone 4,10,0.0,0.0
iphone,10 inch iphone,10,0.0,0.0
iphone,10 hidden controls of iphone headphones,10,0.0,0.0
iphone,10 ft long iphone cord,10,0.0,0.0
iphone,10 ft iphone 5 cord,10,0.0,0.0
iphone,10 ft iphone 5 chargers,10,0.0,0.0
iphone,10 ft iphone 5 charger cable,10,0.0,0.0
iphone,10 ft iphone 5 cable,10,0.0,0.0
iphone,10 ft iphone 4 cord,10,0.0,0.0
iphone,10 free iphone apps must have,10,0.0,0.0
iphone,10 foot usb cable for iphone 5,10,0.0,0.0
iphone,10 foot usb cable for iphone,10,0.0,0.0
iphone,10 foot iphone charger groupon,10,0.0,0.0
iphone,10 foot iphone 5 charger target,10,0.0,0.0
iphone,10 foot iphone 5 charger pink,10,0.0,0.0
iphone,10 foot iphone 5 charger cord,10,0.0,0.0
iphone,10 foot iphone 4 charger cable,10,0.0,0.0
iphone,10 foot iphone 4 cable,10,0.0,0.0
iphone,10 foot cable for iphone 5,10,0.0,0.0
iphone,10 deep wallpaper iphone,10,0.0,0.0
iphone,10 deep iphone case,10,0.0,0.0
iphone,10 deep iphone 5 case,10,0.0,0.0
iphone,10 deep iphone 4 case,10,0.0,0.0
iphone,10 coolest iphone cases,10,0.0,0.0
iphone,10 best photo apps for iphone,10,0.0,0.0
iphone,10 best iphone armbands,10,0.0,0.0
iphone,10 best iphone apps free,10,0.0,0.0
iphone,10 best iphone apps for business networkers,10,0.0,0.0
iphone,10 best iphone apps for business,10,0.0,0.0
iphone,10 best iphone apps for adults,10,0.0,0.0
iphone,10 best iphone apps ever,10,0.0,0.0
iphone,10 best iphone apps 2015,10,0.0,0.0
iphone,10 best iphone apps 2014,10,0.0,0.0
iphone,10 best iphone apps 2013,10,0.0,0.0
iphone,10 best iphone 5 cases,10,0.0,0.0
iphone,10 best iphone 4s cases,10,0.0,0.0
iphone,10 best gps apps for iphone,10,0.0,0.0
iphone,10 best games for iphone,10,0.0,0.0
iphone,10 best free iphone apps,10,0.0,0.0
iphone,10 best free games for iphone,10,0.0,0.0
iphone,10 best free apps for iphone 5,10,0.0,0.0
iphone,10 best free apps for iphone 4,10,0.0,0.0
iphone,10 best apps for iphone 5,10,0.0,0.0
iphone,10 best apps for iphone 4s,10,0.0,0.0
iphone,10 best apps for iphone 4,10,0.0,0.0
iphone,10 best apps for iphone 2014,10,0.0,0.0
iphone,10 best apps for iphone 2012,10,0.0,0.0
iphone,10 awesome paid iphone apps,10,0.0,0.0
iphone,10 aplicaciones para iphone 4s,10,0.0,0.0
iphone,10 aplicaciones para iphone,10,0.0,0.0
iphone,10 000 wallpapers iphone app,10,0.0,0.0
iphone,10 000 dollar iphone app,10,0.0,0.0
iphone,1.1.4 iphone,10,0.0,0.0
iphone,1.1.3 iphone,10,0.0,0.0
iphone,1-800-my-iphone number,10,0.0,0.0
iphone,1&1 webmail iphone app,10,0.0,0.0
iphone,1&1 webmail iphone,10,0.0,0.0
iphone,1&1 webmail app iphone,10,0.0,0.0
iphone,1&1 push mail iphone,10,0.0,0.0
iphone,1&1 mail app iphone,10,0.0,0.0
iphone,1&1 iphone 5c,10,0.0,0.0
iphone,1&1 iphone 3g,10,0.0,0.0
iphone,1&1 iphone,10,0.0,0.0
iphone,1&1 handytarife mit iphone,10,0.0,0.0
iphone,1&1 email settings iphone,10,0.0,0.0
iphone,1&1 apple iphone,10,0.0,0.0
iphone,1 year warranty iphone 5s,10,0.0,0.0
iphone,1 year warranty iphone 5,10,0.0,0.0
iphone,1 year warranty iphone 4s,10,0.0,0.0
iphone,1 year iphone warranty,10,0.0,0.0
iphone,1 year iphone 5 contract,10,0.0,0.0
iphone,1 vs 100 iphone app,10,0.0,0.0
iphone,1 vs 100 iphone,10,0.0,0.0
iphone,1 und 1 iphone 6,10,0.0,0.0
iphone,1 und 1 iphone 5,10,0.0,0.0
iphone,1 und 1 iphone,10,0.0,0.0
iphone,1 to 50 iphone game,10,0.0,0.0
iphone,1 seg iphone,10,0.0,0.0
iphone,1 priest 1 nun video iphone,10,0.0,0.0
iphone,1 password iphone,10,0.0,0.0
iphone,1 password for iphone,10,0.0,0.0
iphone,1 night in paris watch iphone,10,0.0,0.0
iphone,1 new message iphone,10,0.0,0.0
iphone,1 mobile market free download for iphone,10,0.0,0.0
iphone,1 man 1 jar video for iphone,10,0.0,0.0
iphone,1 man 1 jar iphone video,10,0.0,0.0
iphone,1 man 1 jar iphone,10,0.0,0.0
iphone,1 man 1 jar actual video iphone,10,0.0,0.0
iphone,1 lunatic 1 ice pick video for iphone,10,0.0,0.0
iphone,1 jarig abonnement iphone 6,10,0.0,0.0
iphone,1 jarig abonnement iphone 5s,10,0.0,0.0
iphone,1 jarig abonnement iphone,10,0.0,0.0
iphone,1 jaar abonnement iphone,10,0.0,0.0
iphone,1 itunes 2 iphone,10,0.0,0.0
iphone,1 iphone app,10,0.0,0.0
iphone,1 iphone 6 plus,10,0.0,0.0
iphone,1 iphone 5 wallpaper,10,0.0,0.0
iphone,1 iphone 4s,10,0.0,0.0
iphone,1 iphone 3g,10,0.0,0.0
iphone,1 iphone 2 itunes accounts,10,0.0,0.0
iphone,1 iphone 2 computers,10,0.0,0.0
iphone,1 hour iphone unlock,10,0.0,0.0
iphone,1 guy 1 jar video for iphone,10,0.0,0.0
iphone,1 guy 1 jar for iphone,10,0.0,0.0
iphone,1 guy 1 cup iphone,10,0.0,0.0
iphone,1 gig of data on iphone,10,0.0,0.0
iphone,1 direction iphone 5 cases,10,0.0,0.0
iphone,1 day deals iphone,10,0.0,0.0
iphone,1 cent iphone 5 cases,10,0.0,0.0
iphone,1 apple iphone 6,10,0.0,0.0
iphone,1 apple iphone,10,0.0,0.0
iphone,1 and 1 iphone,10,0.0,0.0
iphone,1 and 1 email settings for iphone,10,0.0,0.0
iphone,1 6 iphone,10,0.0,0.0
iphone,1 2 symbol iphone,10,0.0,0.0
iphone,1 2 3 iphone,10,0.0,0.0
iphone,1 1 iphone,10,0.0,0.0
iphone,1 000 dollar iphone app,10,0.0,0.0
iphone,1 - iphone 3g,10,0.0,0.0
iphone,0xe8003ffe iphone,10,0.0,0.0
iphone,0xe80000a iphone,10,0.0,0.0
iphone,0xe8000065 iphone 4,10,0.0,0.0
iphone,0xe8000065 iphone,10,0.0,0.0
iphone,0xe800002d iphone,10,0.0,0.0
iphone,0xe8000004 iphone,10,0.0,0.0
iphone,0x80030001 iphone,10,0.0,0.0
iphone,0tter box iphone 5,10,0.0,0.0
iphone,0s7 iphone,10,0.0,0.0
iphone,0s5 iphone,10,0.0,0.0
iphone,09 iphone,10,0.0,0.0
iphone,0800 wizard iphone,10,0.0,0.0
iphone,0800 da iphone,10,0.0,0.0
iphone,08 wizard iphone,10,0.0,0.0
iphone,070 iphone,10,0.0,0.0
iphone,0682 iphone 6,10,0.0,0.0
iphone,06 imei iphone,10,0.0,0.0
iphone,050plus iphone,10,0.0,0.0
iphone,050 plus iphone,10,0.0,0.0
iphone,05.16.05 unlock iphone 3gs,10,0.0,0.0
iphone,05.16.05 iphone,10,0.0,0.0
iphone,05.15.04 unlock iphone 3g,10,0.0,0.0
iphone,04828 iphone case,10,0.0,0.0
iphone,04391 iphone case,10,0.0,0.0
iphone,04.12.02 unlock iphone 4,10,0.0,0.0
iphone,04.12.01 unlock iphone 4,10,0.0,0.0
iphone,04.12.01 iphone,10,0.0,0.0
iphone,04.12 01 iphone,10,0.0,0.0
iphone,04.11.08 unlock iphone 4,10,0.0,0.0
iphone,04.10.01 unlock iphone 4,10,0.0,0.0
iphone,03 iphone,10,0.0,0.0
iphone,02 upgrade iphone,10,0.0,0.0
iphone,02 upgrade deals iphone 6,10,0.0,0.0
iphone,02 unlocking iphone 5,10,0.0,0.0
iphone,02 unlock my iphone,10,0.0,0.0
iphone,02 unlock iphone number,10,0.0,0.0
iphone,02 unlock iphone free,10,0.0,0.0
iphone,02 unlock iphone 5s,10,0.0,0.0
iphone,02 unlock iphone 5,10,0.0,0.0
iphone,02 unlock iphone 4s,10,0.0,0.0
iphone,02 unlock iphone 4,10,0.0,0.0
iphone,02 unlock iphone,10,0.0,0.0
iphone,02 uk iphone unlock,10,0.0,0.0
iphone,02 uk iphone 6,10,0.0,0.0
iphone,02 uk iphone 5,10,0.0,0.0
iphone,02 uk iphone 4s,10,0.0,0.0
iphone,02 uk iphone,10,0.0,0.0
iphone,02 trade in iphone,10,0.0,0.0
iphone,02 tesco unlock iphone,10,0.0,0.0
iphone,02 tesco iphone,10,0.0,0.0
iphone,02 smtp settings for iphone,10,0.0,0.0
iphone,02 sim only iphone 5,10,0.0,0.0
iphone,02 sim only iphone,10,0.0,0.0
iphone,02 sim only contracts iphone,10,0.0,0.0
iphone,02 sim card for iphone 4,10,0.0,0.0
iphone,02 shop iphone 5 charger,10,0.0,0.0
iphone,02 shop iphone 5,10,0.0,0.0
iphone,02 settings for iphone,10,0.0,0.0
iphone,02 refurbished iphone 6,10,0.0,0.0
iphone,02 refurbished iphone,10,0.0,0.0
iphone,02 refresh iphone 6 plus,10,0.0,0.0
iphone,02 refresh iphone 6,10,0.0,0.0
iphone,02 refresh iphone 5,10,0.0,0.0
iphone,02 recycle iphone,10,0.0,0.0
iphone,02 plans iphone,10,0.0,0.0
iphone,02 pay as you go sim for iphone 5,10,0.0,0.0
iphone,02 pay as you go iphone 6,10,0.0,0.0
iphone,02 no service on iphone,10,0.0,0.0
iphone,02 no service iphone 5,10,0.0,0.0
iphone,02 new iphone,10,0.0,0.0
iphone,02 lost my iphone,10,0.0,0.0
iphone,02 lost iphone,10,0.0,0.0
iphone,02 ireland iphone 5,10,0.0,0.0
iphone,02 iphone upgrade,10,0.0,0.0
iphone,02 iphone unlock code,10,0.0,0.0
iphone,02 iphone unlock,10,0.0,0.0
iphone,02 iphone uk,10,0.0,0.0
iphone,02 iphone tariffs pay monthly,10,0.0,0.0
iphone,02 iphone tariffs,10,0.0,0.0
iphone,02 iphone sim only contracts,10,0.0,0.0
iphone,02 iphone sim only,10,0.0,0.0
iphone,02 iphone sim card pay as you go,10,0.0,0.0
iphone,02 iphone sim,10,0.0,0.0
iphone,02 iphone setup,10,0.0,0.0
iphone,02 iphone settings,10,0.0,0.0
iphone,02 iphone pay as you go sim card,10,0.0,0.0
iphone,02 iphone insurance,10,0.0,0.0
iphone,02 iphone help,10,0.0,0.0
iphone,02 iphone deals uk,10,0.0,0.0
iphone,02 iphone deal,10,0.0,0.0
iphone,02 iphone data settings,10,0.0,0.0
iphone,02 iphone contracts,10,0.0,0.0
iphone,02 iphone contract deals,10,0.0,0.0
iphone,02 iphone contract,10,0.0,0.0
iphone,02 iphone and ipad deals,10,0.0,0.0
iphone,02 iphone 6 plus,10,0.0,0.0
iphone,02 iphone 6 case,10,0.0,0.0
iphone,02 iphone 6,10,0.0,0.0
iphone,02 iphone 5s deals,10,0.0,0.0
iphone,02 iphone 5s contract,10,0.0,0.0
iphone,02 iphone 5s,10,0.0,0.0
iphone,02 iphone 5c contract,10,0.0,0.0
iphone,02 iphone 5c,10,0.0,0.0
iphone,02 iphone 5 unlock,10,0.0,0.0
iphone,02 iphone 5 tariffs,10,0.0,0.0
iphone,02 iphone 5 pay as you go,10,0.0,0.0
iphone,02 iphone 5 deals,10,0.0,0.0
iphone,02 iphone 5 contract,10,0.0,0.0
iphone,02 iphone 5,10,0.0,0.0
iphone,02 iphone 4s unlock,10,0.0,0.0
iphone,02 iphone 4s pay as you go,10,0.0,0.0
iphone,02 iphone 4s deals,10,0.0,0.0
iphone,02 iphone 4s,10,0.0,0.0
iphone,02 iphone 4 unlock,10,0.0,0.0
iphone,02 iphone 4,10,0.0,0.0
iphone,02 iphone 3g settings,10,0.0,0.0
iphone,02 iphone,10,0.0,0.0
iphone,02 deals iphone 6,10,0.0,0.0
iphone,02 deals iphone,10,0.0,0.0
iphone,02 contracts iphone,10,0.0,0.0
iphone,02 contract iphone 6,10,0.0,0.0
iphone,02 contract iphone 5,10,0.0,0.0
iphone,02 contract iphone,10,0.0,0.0
iphone,02 apple iphone 6,10,0.0,0.0
iphone,02 apple iphone 5s,10,0.0,0.0
iphone,02 apple iphone,10,0.0,0.0
iphone,02 app iphone,10,0.0,0.0
iphone,02 abroad iphone,10,0.0,0.0
iphone,02 5s iphone,10,0.0,0.0
iphone,02 4g iphone 5,10,0.0,0.0
iphone,02 12 month contract iphone 5,10,0.0,0.0
iphone,012 mail iphone,10,0.0,0.0
iphone,012 iphone,10,0.0,0.0
iphone,01.59.00 baseband iphone 4,10,0.0,0.0
iphone,00v00 for iphone,10,0.0,0.0
iphone,007 wallpaper iphone 5,10,0.0,0.0
iphone,007 ringtone for iphone 5,10,0.0,0.0
iphone,007 ringtone for iphone,10,0.0,0.0
iphone,007 iphone case,10,0.0,0.0
iphone,007 iphone 5 wallpaper,10,0.0,0.0
iphone,007 iphone 5 case,10,0.0,0.0
iphone,007 iphone 4 case,10,0.0,0.0
iphone,00 000 iphone,10,0.0,0.0
iphone,0.facebook.com iphone,10,0.0,0.0
iphone,0-100 iphone,10,0.0,0.0
iphone,0 iphone 5s,10,0.0,0.0
iphone,0 iphone 4s,10,0.0,0.0
iphone,0 iphone 4,10,0.0,0.0
iphone,0 facebook iphone,10,0.0,0.0
iphone,0 emi on iphone 6,10,0.0,0.0
iphone,0 100 iphone,10,0.0,0.0
iphone,$800 iphone app,10,0.0,0.0
iphone,$800 iphone 5,10,0.0,0.0
iphone,$800 iphone,10,0.0,0.0
iphone,$649 iphone 5,10,0.0,0.0
iphone,$600 iphone case,10,0.0,0.0
iphone,$50 off iphone,10,0.0,0.0
iphone,$50 monthly unlimited plan iphone,10,0.0,0.0
iphone,$5 iphone 4 cases,10,0.0,0.0
iphone,$400 iphone 4,10,0.0,0.0
iphone,$350 iphone 4s,10,0.0,0.0
iphone,$3000 iphone case,10,0.0,0.0
iphone,$300 iphone case,10,0.0,0.0
iphone,$300 iphone 5,10,0.0,0.0
iphone,$300 iphone 4s,10,0.0,0.0
iphone,$29 iphone 4s plans,10,0.0,0.0
iphone,$2000 iphone case,10,0.0,0.0
iphone,$200 iphone 4,10,0.0,0.0
iphone,$20 iphone unlock,10,0.0,0.0
iphone,$20 iphone plan,10,0.0,0.0
iphone,$199 iphone 5,10,0.0,0.0
iphone,$199 iphone 4s,10,0.0,0.0
iphone,$150 iphone case,10,0.0,0.0
iphone,$150 iphone 5 case,10,0.0,0.0
iphone,$150 iphone 4s,10,0.0,0.0
iphone,$15 million iphone,10,0.0,0.0
iphone,$149 iphone 4s,10,0.0,0.0
iphone,$127 iphone 5 at walmart,10,0.0,0.0
iphone,$1000 iphone app,10,0.0,0.0
iphone,$100 off iphone sprint,10,0.0,0.0
iphone,$100 off iphone 5 verizon,10,0.0,0.0
iphone,$100 iphone 4s unlocked,10,0.0,0.0
iphone,$100 iphone 4 for sale,10,0.0,0.0
iphone,$10 iphone unlock,10,0.0,0.0
iphone,$10 iphone 5 cases,10,0.0,0.0
iphone,$10 000 app iphone,10,0.0,0.0
iphone,$1 000 iphone app,10,0.0,0.0
iphone,16gb black iphone 4,10,0.0,0.0
iphone,16gb apple iphone 5s,10,0.0,0.0
iphone,16gb apple iphone 5,10,0.0,0.0
iphone,16gb apple iphone 4s,10,0.0,0.0
iphone,16gb 64gb iphone,10,0.0,0.0
iphone,16gb 5s iphone,10,0.0,0.0
iphone,16gb 4g iphone,10,0.0,0.0
iphone,16gb 3gs iphone review,10,0.0,0.0
iphone,16gb 3gs iphone price,10,0.0,0.0
iphone,16gb 3g iphone,10,0.0,0.0
iphone,16gb 32gb or 64gb iphone,10,0.0,0.0
iphone,16gb 32gb iphone,10,0.0,0.0
iphone,16g vs 32g iphone 5,10,0.0,0.0
iphone,16g vs 32g iphone,10,0.0,0.0
iphone,16g or 32g iphone,10,0.0,0.0
iphone,16g iphone 5 price,10,0.0,0.0
iphone,16g iphone 4s price,10,0.0,0.0
iphone,16g iphone 4s,10,0.0,0.0
iphone,16g iphone 4 price,10,0.0,0.0
iphone,16g iphone 4,10,0.0,0.0
iphone,16g iphone 3gs,10,0.0,0.0
iphone,16g 32g or 64g iphone,10,0.0,0.0
iphone,1688 iphone,10,0.0,0.0
iphone,168 iphone,10,0.0,0.0
iphone,1656 error iphone,10,0.0,0.0
iphone,1645 iphone,10,0.0,0.0
iphone,164 gb iphone 6 plus,10,0.0,0.0
iphone,163 iphone,10,0.0,0.0
iphone,1611 iphone 3gs,10,0.0,0.0
iphone,1611 iphone,10,0.0,0.0
iphone,1611 error iphone 4,10,0.0,0.0
iphone,1611 error iphone 3gs,10,0.0,0.0
iphone,1611 error iphone,10,0.0,0.0
iphone,1610a1 iphone 5s,10,0.0,0.0
iphone,160by2 iphone app download,10,0.0,0.0
iphone,160by2 iphone app,10,0.0,0.0
iphone,160by2 iphone,10,0.0,0.0
iphone,160by2 app for iphone,10,0.0,0.0
iphone,1608a1 iphone 5,10,0.0,0.0
iphone,1604 iphone,10,0.0,0.0
iphone,1604 error iphone 3g,10,0.0,0.0
iphone,1604 error iphone,10,0.0,0.0
iphone,1603 iphone,10,0.0,0.0
iphone,1602 error iphone 4,10,0.0,0.0
iphone,1602 error iphone,10,0.0,0.0
iphone,1601 iphone restore error,10,0.0,0.0
iphone,1601 iphone,10,0.0,0.0
iphone,1601 error iphone 3gs,10,0.0,0.0
iphone,1600 mah iphone battery,10,0.0,0.0
iphone,1600 iphone restore,10,0.0,0.0
iphone,1600 iphone,10,0.0,0.0
iphone,1600 error iphone 4,10,0.0,0.0
iphone,1600 error iphone,10,0.0,0.0
iphone,16 vs 32gb iphone 5s,10,0.0,0.0
iphone,16 vs 32gb iphone 5,10,0.0,0.0
iphone,16 vs 32gb iphone,10,0.0,0.0
iphone,16 or 32gb iphone 5s,10,0.0,0.0
iphone,16 or 32gb iphone 5,10,0.0,0.0
iphone,16 or 32 iphone 5,10,0.0,0.0
iphone,16 or 32 iphone,10,0.0,0.0
iphone,16 or 32 gig iphone,10,0.0,0.0
iphone,16 or 32 gb iphone 5,10,0.0,0.0
iphone,16 megapixel camera iphone app,10,0.0,0.0
iphone,16 mb iphone,10,0.0,0.0
iphone,16 iphone 6 plus,10,0.0,0.0
iphone,16 iphone 5,10,0.0,0.0
iphone,16 iphone 4s,10,0.0,0.0
iphone,16 iphone,10,0.0,0.0
iphone,16 gigabyte iphone 4,10,0.0,0.0
iphone,16 gig white iphone 5,10,0.0,0.0
iphone,16 gig vs.32 gig iphone,10,0.0,0.0
iphone,16 gig vs. 32 gig iphone,10,0.0,0.0
iphone,16 gig or 32 gig iphone 4s,10,0.0,0.0
iphone,16 gig iphone 6 price,10,0.0,0.0
iphone,16 gig iphone 5 price,10,0.0,0.0
iphone,16 gig iphone 4s price,10,0.0,0.0
iphone,16 gb iphone price,10,0.0,0.0
iphone,16 gb iphone 6 fiyat,10,0.0,0.0
iphone,16 gb iphone 5 price,10,0.0,0.0
iphone,16 gb iphone 3g,10,0.0,0.0
iphone,16 32 or 64 gb iphone,10,0.0,0.0
iphone,16 32 64gb iphone,10,0.0,0.0
iphone,16 32 64 iphone 5,10,0.0,0.0
iphone,16 32 64 iphone,10,0.0,0.0
iphone,15m iphone,10,0.0,0.0
iphone,1586 iphone,10,0.0,0.0
iphone,1549 iphone 6,10,0.0,0.0
iphone,1524 iphone,10,0.0,0.0
iphone,1520 vs iphone 6 plus,10,0.0,0.0
iphone,15 tricks iphone,10,0.0,0.0
iphone,15 things about your iphone,10,0.0,0.0
iphone,15 million iphone case,10,0.0,0.0
iphone,15 million iphone 5 ordered,10,0.0,0.0
iphone,14firstalert for iphone,10,0.0,0.0
iphone,148 iphone games,10,0.0,0.0
iphone,148 iphone apps,10,0.0,0.0
iphone,148 apps iphone,10,0.0,0.0
iphone,1457 iphone 5s,10,0.0,0.0
iphone,1453 iphone,10,0.0,0.0
iphone,1440 mah iphone 5,10,0.0,0.0
iphone,1429 iphone 5,10,0.0,0.0
iphone,1429 iphone,10,0.0,0.0
iphone,1428 iphone,10,0.0,0.0
iphone,141 iphone,10,0.0,0.0
iphone,14 gb iphone 4,10,0.0,0.0
iphone,14 gb iphone,10,0.0,0.0
iphone,14 best iphone apps for college students,10,0.0,0.0
iphone,13wmaz app for iphone,10,0.0,0.0
iphone,1394 iphone error,10,0.0,0.0
iphone,1394 error iphone,10,0.0,0.0
iphone,1387 iphone,10,0.0,0.0
iphone,1332 iphone,10,0.0,0.0
iphone,1310 the ticket iphone app,10,0.0,0.0
iphone,1303a iphone,10,0.0,0.0
iphone,13019 iphone cannot be synced,10,0.0,0.0
iphone,1300 iphone,10,0.0,0.0
iphone,13.3 gb iphone,10,0.0,0.0
iphone,13 line quran for iphone,10,0.0,0.0
iphone,13 line quran app iphone,10,0.0,0.0
iphone,13 gb iphone 5,10,0.0,0.0
iphone,13 gb iphone 4s,10,0.0,0.0
iphone,13 gb iphone 4,10,0.0,0.0
iphone,13 gb iphone,10,0.0,0.0
iphone,12x zoom lens for iphone 5,10,0.0,0.0
iphone,12x zoom iphone 5 telephoto lens,10,0.0,0.0
iphone,12x zoom iphone 5,10,0.0,0.0
iphone,12x zoom iphone,10,0.0,0.0
iphone,12x telephoto lens for iphone 5,10,0.0,0.0
iphone,12x telephoto lens for iphone 4s,10,0.0,0.0
iphone,12x optical zoom lens for iphone 5,10,0.0,0.0
iphone,12x optical zoom iphone,10,0.0,0.0
iphone,12w usb power adapter iphone 5,10,0.0,0.0
iphone,12w power adapter iphone,10,0.0,0.0
iphone,12w iphone 6,10,0.0,0.0
iphone,12w charger for iphone,10,0.0,0.0
iphone,12voip on iphone,10,0.0,0.0
iphone,12voip iphone,10,0.0,0.0
iphone,12voip for iphone,10,0.0,0.0
iphone,12voip download iphone,10,0.0,0.0
iphone,12v to 5v converter iphone,10,0.0,0.0
iphone,12v speakers for iphone,10,0.0,0.0
iphone,12v lader iphone,10,0.0,0.0
iphone,12v iphone 5 charger,10,0.0,0.0
iphone,12v charger for iphone,10,0.0,0.0
iphone,12south bookbook iphone,10,0.0,0.0
iphone,12gb iphone 5c,10,0.0,0.0
iphone,12gb iphone 4s,10,0.0,0.0
iphone,12g iphone,10,0.0,0.0
iphone,12c iphone,10,0.0,0.0
iphone,128gb or 64gb iphone 6,10,0.0,0.0
iphone,128gb iphone 5s price,10,0.0,0.0
iphone,128gb iphone 4s,10,0.0,0.0
iphone,128gb apple iphone,10,0.0,0.0
iphone,128 g iphone,10,0.0,0.0
iphone,127 iphone 5,10,0.0,0.0
iphone,125gb iphone 6,10,0.0,0.0
iphone,1241 iphone,10,0.0,0.0
iphone,123together iphone setup,10,0.0,0.0
iphone,123together iphone,10,0.0,0.0
iphone,123spoof mobile iphone,10,0.0,0.0
iphone,123spoof iphone crack,10,0.0,0.0
iphone,123spoof iphone app,10,0.0,0.0
iphone,123spoof iphone,10,0.0,0.0
iphone,123run iphone,10,0.0,0.0
iphone,123d catch iphone,10,0.0,0.0
iphone,12345 iphone code,10,0.0,0.0
iphone,123-reg iphone email setup,10,0.0,0.0
iphone,123-reg email settings iphone,10,0.0,0.0
iphone,123-reg email on iphone,10,0.0,0.0
iphone,123 webmail iphone,10,0.0,0.0
iphone,123 spoof for iphone,10,0.0,0.0
iphone,123 reg webmail on iphone,10,0.0,0.0
iphone,123 reg webmail iphone,10,0.0,0.0
iphone,123 reg mail settings iphone,10,0.0,0.0
iphone,123 reg mail iphone,10,0.0,0.0
iphone,123 reg iphone email setup,10,0.0,0.0
iphone,123 reg iphone,10,0.0,0.0
iphone,123 reg email on iphone,10,0.0,0.0
iphone,123 reg email iphone,10,0.0,0.0
iphone,123 ipod ipad iphone backup,10,0.0,0.0
iphone,123 flash chat iphone app,10,0.0,0.0
iphone,120 fps iphone 5s,10,0.0,0.0
iphone,120 fps iphone 5,10,0.0,0.0
iphone,12 worst iphone case designs,10,0.0,0.0
iphone,12 volt charger for iphone,10,0.0,0.0
iphone,12 voip for iphone,10,0.0,0.0
iphone,12 voip app for iphone,10,0.0,0.0
iphone,12 string guitar tuner iphone,10,0.0,0.0
iphone,12 steps and 12 traditions iphone app,10,0.0,0.0
iphone,12 steps and 12 traditions app for iphone,10,0.0,0.0
iphone,12 step companion iphone app,10,0.0,0.0
iphone,12 south surfacepad iphone 6,10,0.0,0.0
iphone,12 south surfacepad iphone 5,10,0.0,0.0
iphone,12 south iphone wallet,10,0.0,0.0
iphone,12 south iphone 5,10,0.0,0.0
iphone,12 south book book iphone,10,0.0,0.0
iphone,12 mpx camera iphone,10,0.0,0.0
iphone,12 months contract iphone 6,10,0.0,0.0
iphone,12 month plan iphone 6,10,0.0,0.0
iphone,12 month phone contracts iphone 4,10,0.0,0.0
iphone,12 month phone contract iphone,10,0.0,0.0
iphone,12 month iphone plans uk,10,0.0,0.0
iphone,12 month iphone plans,10,0.0,0.0
iphone,12 month iphone contracts uk,10,0.0,0.0
iphone,12 month iphone contract tesco,10,0.0,0.0
iphone,12 month iphone contract o2,10,0.0,0.0
iphone,12 month iphone contract,10,0.0,0.0
iphone,12 month iphone 5s contract,10,0.0,0.0
iphone,12 month iphone 4s contract,10,0.0,0.0
iphone,12 month contracts iphone,10,0.0,0.0
iphone,12 month contract iphone uk,10,0.0,0.0
iphone,12 month contract iphone 6 plus,10,0.0,0.0
iphone,12 month contract iphone 5s,10,0.0,0.0
iphone,12 month contract iphone 5,10,0.0,0.0
iphone,12 month contract iphone 4s,10,0.0,0.0
iphone,12 month contract iphone,10,0.0,0.0
iphone,12 lead ecg for iphone,10,0.0,0.0
iphone,12 iphone tricks,10,0.0,0.0
iphone,12 iphone 5,10,0.0,0.0
iphone,12 inch iphone cable,10,0.0,0.0
iphone,12 foot iphone 4 charger,10,0.0,0.0
iphone,12 days of christmas iphone apps,10,0.0,0.0
iphone,12 days of christmas iphone app,10,0.0,0.0
iphone,12 days of christmas iphone,10,0.0,0.0
iphone,12 days iphone app,10,0.0,0.0
iphone,12 5 iphone,10,0.0,0.0
iphone,11b554a iphone,10,0.0,0.0
iphone,118 milano iphone,10,0.0,0.0
iphone,116 000 dollar iphone case,10,0.0,0.0
iphone,1136x640 iphone,10,0.0,0.0
iphone,112 nederland app iphone,10,0.0,0.0
iphone,1112 iphone game walkthrough,10,0.0,0.0
iphone,1112 iphone,10,0.0,0.0
iphone,1112 game iphone,10,0.0,0.0
iphone,1112 episode 1 iphone,10,0.0,0.0
iphone,11 plus iphone case,10,0.0,0.0
iphone,10xx recovery loop iphone 4,10,0.0,0.0
iphone,10x zoom lens for iphone,10,0.0,0.0
iphone,10x zoom for iphone,10,0.0,0.0
iphone,10x lens for iphone,10,0.0,0.0
iphone,10w usb power adapter iphone 5,10,0.0,0.0
iphone,10w ipad charger for iphone,10,0.0,0.0
iphone,10m iphone 5 charger,10,0.0,0.0
iphone,10k training app for iphone,10,0.0,0.0
iphone,10k running apps for iphone,10,0.0,0.0
iphone,10k app iphone,10,0.0,0.0
iphone,10in1 usb car charger adapter 4 samsung htc iphone ipod,10,0.0,0.0
iphone,10gb of data on iphone,10,0.0,0.0
iphone,10b350 iphone 5,10,0.0,0.0
iphone,10b329 iphone,10,0.0,0.0
iphone,10a523 iphone,10,0.0,0.0
iphone,10a403 iphone 4s,10,0.0,0.0
iphone,10a403 iphone,10,0.0,0.0
iphone,1080p on iphone 4s,10,0.0,0.0
iphone,1080p iphone 5s,10,0.0,0.0
iphone,1080p iphone 5 wallpaper,10,0.0,0.0
iphone,1080p iphone 5,10,0.0,0.0
iphone,1080p iphone 4s wallpaper,10,0.0,0.0
iphone,1080p iphone 4s video,10,0.0,0.0
iphone,1080p iphone 4s,10,0.0,0.0
iphone,1080p iphone 4,10,0.0,0.0
iphone,105.3 the fan iphone app,10,0.0,0.0
iphone,102.1 the edge iphone app,10,0.0,0.0
iphone,1015 iphone error,10,0.0,0.0
iphone,1015 iphone 3gs error,10,0.0,0.0
iphone,1015 iphone 3g error,10,0.0,0.0
iphone,1015 iphone 3g,10,0.0,0.0
iphone,1015 iphone,10,0.0,0.0
iphone,1015 error on iphone,10,0.0,0.0
iphone,1015 error iphone 3gs,10,0.0,0.0
iphone,1015 error iphone 3g restore 4.2.1,10,0.0,0.0
iphone,1015 error iphone 3g restore,10,0.0,0.0
iphone,1015 error iphone 3g fix,10,0.0,0.0
iphone,1015 error iphone 3g,10,0.0,0.0
iphone,1015 error iphone,10,0.0,0.0
iphone,1015 error fix iphone 3g,10,0.0,0.0
iphone,1013 iphone,10,0.0,0.0
iphone,1010 wins iphone giveaway phone number,10,0.0,0.0
iphone,1010 wins iphone giveaway,10,0.0,0.0
iphone,1010 wins iphone contest phone number,10,0.0,0.0
iphone,1010 wins iphone contest,10,0.0,0.0
iphone,1010 wins iphone app,10,0.0,0.0
iphone,1010 wins iphone 5 contest,10,0.0,0.0
iphone,1010 wins iphone,10,0.0,0.0
iphone,1010 iphone game,10,0.0,0.0
iphone,1010 iphone,10,0.0,0.0
iphone,1010 hong kong iphone,10,0.0,0.0
iphone,101.ru iphone,10,0.0,0.0
iphone,101 ru app iphone,10,0.0,0.0
iphone,101 iphone,10,0.0,0.0
iphone,101 in 1 games iphone,10,0.0,0.0
iphone,101 great goals iphone app,10,0.0,0.0
iphone,101 dalmatians iphone 4 case,10,0.0,0.0
iphone,101 airborne iphone,10,0.0,0.0
iphone,100mb of data iphone,10,0.0,0.0
iphone,100gb iphone,10,0.0,0.0
iphone,1009 error iphone,10,0.0,0.0
iphone,1002 error iphone,10,0.0,0.0
iphone,10000 wallpapers iphone app,10,0.0,0.0
iphone,10000 iphone 5 dominos,10,0.0,0.0
iphone,10000 iphone 5 dominoes,10,0.0,0.0
iphone,10000 free ebooks reader for iphone,10,0.0,0.0
iphone,10000 free ebooks for iphone,10,0.0,0.0
iphone,1000 mb data iphone,10,0.0,0.0
iphone,1000 iphone app,10,0.0,0.0
iphone,1000 iphone 5 dominos,10,0.0,0.0
iphone,1000 iphone 5 domino,10,0.0,0.0
iphone,1000 iphone,10,0.0,0.0
iphone,1000 gifts iphone app,10,0.0,0.0
iphone,1000 free iphone apps,10,0.0,0.0
iphone,1000 free ebooks app for iphone,10,0.0,0.0
iphone,1000 dollar iphone app,10,0.0,0.0
iphone,1000 dollar app iphone,10,0.0,0.0
iphone,1000 dollar app for iphone,10,0.0,0.0
iphone,1000 app for iphone,10,0.0,0.0
iphone,100 waterproof iphone case,10,0.0,0.0
iphone,100 waterproof iphone 5 case,10,0.0,0.0
iphone,100 waterproof iphone 4s case,10,0.0,0.0
iphone,100 waterproof iphone 4 case,10,0.0,0.0
iphone,100 trials iphone,10,0.0,0.0
iphone,100 top apps for iphone,10,0.0,0.0
iphone,100 sounds iphone,10,0.0,0.0
iphone,100 rooms iphone,10,0.0,0.0
iphone,100 retro iphone wallpapers,10,0.0,0.0
iphone,100 reasons to jailbreak your iphone,10,0.0,0.0
iphone,100 reasons to jailbreak iphone,10,0.0,0.0
iphone,100 reason to jailbreak your iphone,10,0.0,0.0
iphone,100 reason to jailbreak iphone,10,0.0,0.0
iphone,100 really beautiful iphone wallpapers,10,0.0,0.0
iphone,100 pushups iphone app,10,0.0,0.0
iphone,100 photo effects iphone,10,0.0,0.0
iphone,100 percent waterproof iphone case,10,0.0,0.0
iphone,100 off iphone 6,10,0.0,0.0
iphone,100 most expensive iphone apps,10,0.0,0.0
iphone,100 mb iphone,10,0.0,0.0
iphone,100 iphone games in 10 minutes,10,0.0,0.0
iphone,100 iphone games,10,0.0,0.0
iphone,100 iphone case,10,0.0,0.0
iphone,100 iphone apps,10,0.0,0.0
iphone,100 iphone app,10,0.0,0.0
iphone,100 gb iphone 6,10,0.0,0.0
iphone,100 gates iphone,10,0.0,0.0
iphone,100 games cho iphone web games,10,0.0,0.0
iphone,100 free vpn for iphone,10,0.0,0.0
iphone,100 free ringtones for iphone 4,10,0.0,0.0
iphone,100 free ringtones for iphone,10,0.0,0.0
iphone,100 free music downloads for iphone,10,0.0,0.0
iphone,100 free iphone ringtones,10,0.0,0.0
iphone,100 free iphone games,10,0.0,0.0
iphone,100 free iphone apps,10,0.0,0.0
iphone,100 free iphone 4s,10,0.0,0.0
iphone,100 floors iphone app,10,0.0,0.0
iphone,100 floors iphone,10,0.0,0.0
iphone,100 filters app for iphone,10,0.0,0.0
iphone,100 exits iphone app,10,0.0,0.0
iphone,100 doors walkthrough iphone app,10,0.0,0.0
iphone,100 doors level 33 iphone,10,0.0,0.0
iphone,100 doors iphone,10,0.0,0.0
iphone,100 doors 2013 iphone,10,0.0,0.0
iphone,100 dollar iphone 4s,10,0.0,0.0
iphone,100 dollar bill iphone 4 case,10,0.0,0.0
iphone,100 best iphone wallpapers,10,0.0,0.0
iphone,100 best iphone apps free,10,0.0,0.0
iphone,100 best iphone apps 2013,10,0.0,0.0
iphone,100 best iphone apps 2012,10,0.0,0.0
iphone,100 best games for iphone,10,0.0,0.0
iphone,100 best free iphone games,10,0.0,0.0
iphone,100 best free iphone apps,10,0.0,0.0
iphone,100 best free apps for iphone,10,0.0,0.0
iphone,16g iphone 6 plus price,20,0.0,0.0
iphone,16 or 32gb iphone,20,0.0,0.0
iphone,15 iphone hacks,20,0.0,0.0
iphone,12w charger iphone 6,20,0.0,0.0
iphone,12gb iphone,20,0.0,0.0
iphone,128gb iphone 6 worth it,20,0.0,0.0
iphone,128 gig iphone 6 plus price,20,0.0,0.0
iphone,126 gb iphone 6,20,0.0,0.0
iphone,12 south iphone,20,0.0,0.0
iphone,112 iphone unlock,20,0.0,0.0
iphone,1080p iphone 6 wallpaper,20,0.0,0.0
iphone,1080p iphone 6 plus,20,0.0,0.0
iphone,1080p iphone 6,20,0.0,0.0
iphone,1080p iphone,20,0.0,0.0
iphone,1010 wins app for iphone,20,0.0,0.0
iphone,3 d touch iphone,20,0.0,0.0
iphone,2680mah iphone 5 battery,20,0.0,0.0
iphone,2680mah iphone 4s,20,0.0,0.0
iphone,25app iphone,20,0.0,0.0
iphone,25 iphone secrets,20,0.0,0.0
iphone,247 iphone unlocker serial number,20,0.0,0.0
iphone,24 ringtone for iphone,20,0.0,0.0
iphone,2048 cheats iphone,20,0.0,0.0
iphone,10 deep iphone wallpaper,20,0.0,0.0
iphone,10 000 iphone 5 domino,20,0.0,0.0
iphone,1&1 email iphone,20,0.0,0.0
iphone,1 iphone battery,20,0.0,0.0
iphone,1 guy 1 jar video iphone,20,0.0,0.0
iphone,1 800 iphone,20,0.0,0.0
iphone,0xe8000084 iphone,20,0.0,0.0
iphone,007 wallpaper iphone,20,0.0,0.0
iphone,$20 iphone screen repair,20,0.0,0.0
iphone,2007 apple iphone,20,0.0,0.0
iphone,2000 iphone,20,0.0,0.0
iphone,2.1 amp charger safe for iphone,20,0.0,0.0
iphone,2-step verification iphone gmail,20,0.0,0.0
iphone,2 player games iphone free,20,0.0,0.0
iphone,2 emails on iphone,20,0.0,0.0
iphone,2 email accounts on iphone,20,0.0,0.0
iphone,1st iphone ever,20,0.0,0.0
iphone,1st iphone commercial,20,0.0,0.0
iphone,1password on iphone,20,0.0,0.0
iphone,1password iphone app,20,0.0,0.0
iphone,1and1 imap settings iphone,20,0.0,0.0
iphone,1and1 email setup iphone,20,0.0,0.0
iphone,1950s iphone wallpaper,20,0.0,0.0
iphone,18 games for iphone,20,0.0,0.0
iphone,18 apps for iphone,20,0.0,0.0
iphone,16gb vs 64gb iphone 6 plus,20,0.0,0.0
iphone,16gb or 64gb iphone 6 plus,20,0.0,0.0
iphone,2001 a space odyssey iphone wallpaper,30,0.0,0.0
iphone,2 gmail accounts on iphone,30,0.0,0.0
iphone,1password iphone review,30,0.0,0.0
iphone,1and1 email settings iphone,30,0.0,0.0
iphone,1983 iphone,30,0.0,0.0
iphone,19 iphone tricks,30,0.0,0.0
iphone,16gb or 32gb iphone,30,0.0,0.0
iphone,16gb iphone enough,30,0.0,0.0
iphone,16gb iphone 5c verizon,30,0.0,0.0
iphone,12 south iphone 6 plus,30,0.0,0.0
iphone,12 31 69 iphone,30,0.0,0.0
iphone,1 by one iphone case,30,0.0,0.0
iphone,10 best apps for iphone 6,40,0.0,0.0
iphone,2 iphone,40,0.0,0.0
iphone,2 apple ids on one iphone,40,0.0,0.0
iphone,1and1 iphone setup,40,0.0,0.0
iphone,2nd gen iphone,40,0.0,0.0
iphone,25pp iphone,40,0.0,0.0
iphone,228 verizon iphone,40,0.0,0.0
iphone,2014 iphone,40,0.0,0.0
iphone,1080p iphone 6 plus wallpapers,40,0.0,0.0
iphone,12gb iphone 6,50,0.0,0.0
iphone,12 gb iphone,50,0.0,0.0
iphone,10 must have iphone apps,50,0.0,0.0
iphone,10 best apps for iphone,50,0.0,0.0
iphone,1 year warranty iphone 6,50,0.0,0.0
iphone,1 unread email iphone,50,0.0,0.0
iphone,007 iphone wallpaper,50,0.0,0.0
iphone,2pac iphone wallpaper,50,0.0,0.0
iphone,2 whatsapp in 1 iphone,50,0.0,0.0
iphone,1800 iphone,50,0.0,0.0
iphone,2 player iphone games free,70,0.0,0.0
iphone,15 million dollar iphone,70,0.0,0.0
iphone,240sx iphone wallpaper,70,0.0,0.0
iphone,24 ringtone iphone,70,0.0,0.0
iphone,2015 iphone games,70,0.0,0.0
iphone,2015 iphone apps,70,0.0,0.0
iphone,2nd iphone,90,0.0,0.0
iphone,2015 iphone 7,90,0.0,0.0
iphone,2013 iphone,90,0.0,0.0
iphone,2 player games for iphone,90,0.0,0.0
iphone,1and1 email iphone,90,0.0,0.0
iphone,2012 iphone,110,0.0,0.0
iphone,2009-iphone,110,0.0,0.0
iphone,2009 iphone,110,0.0,0.0
iphone,2008 iphone,110,0.0,0.0
iphone,2 player games iphone,110,0.0,0.0
iphone,16gb vs 64gb iphone,110,0.0,0.0
iphone,2010 iphone,140,0.0,0.0
iphone,1weather app for iphone,140,0.0,0.0
iphone,1st iphone release date,170,0.0,0.0
iphone,2015 iphone release date,210,0.0,0.0
iphone,1-800-my iphone,260,0.0,0.0
iphone,1 800 my iphone,260,0.0,0.0
iphone,2 player iphone games,320,0.0,0.0
iphone,1800 my iphone,480,0.0,0.0
